State/Region,Year-Month,Trendline_Coefficient,prediction
Hubei,2020-1,709.8666666666664,0
Yunnan,2020-1,10.583333333333329,1
Shaanxi,2020-1,10.266666666666664,1
Hebei,2020-1,10.216666666666661,1
Guangxi,2020-1,9.633333333333331,1
Heilongjiang,2020-1,7.066666666666665,1
Hainan,2020-1,6.133333333333332,1
Liaoning,2020-1,5.799999999999998,1
Shanxi,2020-1,5.233333333333332,1
Gansu,2020-1,3.866666666666666,1
Tianjin,2020-1,3.7499999999999996,1
Inner Mongolia,2020-1,2.666666666666666,1
Ningxia,2020-1,2.499999999999999,1
Guizhou,2020-1,2.416666666666666,1
Xinjiang,2020-1,2.0333333333333328,1
Thailand,2020-1,1.8166666666666664,1
Jilin,2020-1,1.6499999999999997,1
Japan,2020-1,1.5333333333333328,1
Singapore,2020-1,1.333333333333333,1
Hong Kong,2020-1,1.2333333333333332,1
Qinghai,2020-1,1.183333333333333,1
Taiwan,2020-1,1.133333333333333,1
Malaysia,2020-1,1.0333333333333332,1
South Korea,2020-1,0.8499999999999999,1
United States of America,2020-1,0.7999999999999998,1
Macau,2020-1,0.7833333333333332,1
Germany,2020-1,0.7333333333333331,1
New South Wales,2020-1,0.6166666666666665,1
United Arab Emirates,2020-1,0.5999999999999999,1
France,2020-1,0.5666666666666668,1
Victoria,2020-1,0.33333333333333326,1
Queensland,2020-1,0.3095238095238094,1
British Columbia,2020-1,0.16666666666666663,1
Cambodia,2020-1,0.1666666666666666,1
Sri Lanka,2020-1,0.1666666666666666,1
Finland,2020-1,0.14999999999999997,1
Italy,2020-1,0.13333333333333328,1
Zhejiang,2020-1,62.266666666666644,2
Guangdong,2020-1,50.216666666666654,2
Henan,2020-1,43.79999999999998,2
Hunan,2020-1,41.34999999999998,2
Anhui,2020-1,28.983333333333327,3
Jiangxi,2020-1,26.983333333333327,3
Chongqing,2020-1,25.166666666666657,3
Shandong,2020-1,23.26666666666666,3
Sichuan,2020-1,21.049999999999994,3
Jiangsu,2020-1,20.183333333333326,3
Fujian,2020-1,15.166666666666664,3
Shanghai,2020-1,15.066666666666665,3
Beijing,2020-1,14.416666666666666,3
France,2020-10,25606.437499999993,0
Brazil,2020-10,22475.824193548284,0
United Kingdom,2020-10,18402.678225806456,0
Ukraine,2020-10,5935.556854838705,1
Mexico,2020-10,5585.902419354818,1
Iran,2020-10,4865.004435483862,1
Indonesia,2020-10,4029.055645161286,1
Romania,2020-10,3676.822177419353,1
Iraq,2020-10,3492.440322580636,1
Switzerland,2020-10,3262.079838709677,1
Nepal,2020-10,3238.2620967741927,1
Morocco,2020-10,3120.497983870966,1
Peru,2020-10,2868.8383064516033,1
Philippines,2020-10,2225.066532258059,1
Portugal,2020-10,2088.5443548387084,1
Jordan,2020-10,1916.0350806451615,1
Turkey,2020-10,1829.7834677419285,1
Israel,2020-10,1773.9499999999975,1
Austria,2020-10,1698.8233870967738,1
South Africa,2020-10,1645.5004032257975,1
Slovakia,2020-10,1581.159274193548,1
Chile,2020-10,1499.521774193538,1
Hungary,2020-10,1479.0181451612898,1
Bangladesh,2020-10,1433.7391129032192,1
Tunisia,2020-10,1368.6774193548385,1
Lebanon,2020-10,1299.8979838709672,1
Myanmar,2020-10,1290.7903225806451,1
Armenia,2020-10,1284.5838709677414,1
United Arab Emirates,2020-10,1265.0725806451583,1
Costa Rica,2020-10,1111.04879032258,1
Georgia,2020-10,1055.1939516129032,1
Quebec,2020-10,995.3741935483861,1
Croatia,2020-10,990.9713709677418,1
Bulgaria,2020-10,981.0165322580644,1
Ecuador,2020-10,974.4862903225795,1
Sweden,2020-10,952.593951612903,1
Ireland,2020-10,911.2891129032255,1
Libya,2020-10,898.1774193548381,1
United States of America,2020-10,61510.411693548456,2
India,2020-10,59414.12096774181,2
Russian Federation,2020-10,14381.529838709675,3
Argentina,2020-10,13738.219758064495,3
Spain,2020-10,13656.984274193537,3
Italy,2020-10,11104.1689516129,3
Belgium,2020-10,10053.90766129032,3
Czechia,2020-10,8908.300806451613,3
Poland,2020-10,8407.844758064517,3
Netherlands,2020-10,7924.42620967742,3
Colombia,2020-10,7771.264919354825,3
Germany,2020-10,6984.745161290321,3
Argentina,2020-11,8742.310789766378,0
Romania,2020-11,8163.315016685201,0
Colombia,2020-11,7823.661846496082,0
Turkey,2020-11,6700.6729699666275,0
Austria,2020-11,6206.613793103447,0
Mexico,2020-11,6108.082758620674,0
Czechia,2020-11,5912.030923248046,0
Portugal,2020-11,5605.822024471631,0
Switzerland,2020-11,5450.970189098993,0
Netherlands,2020-11,5373.962847608446,0
Jordan,2020-11,5048.953058954392,0
Morocco,2020-11,4757.376418242487,0
Hungary,2020-11,4684.421357063404,0
Belgium,2020-11,4483.851390433808,0
Serbia,2020-11,4398.61401557286,0
Sweden,2020-11,4378.049610678528,0
Indonesia,2020-11,4360.672747497208,0
Georgia,2020-11,3323.4593993325916,0
Bulgaria,2020-11,3231.1341490545037,0
Croatia,2020-11,2681.9612903225798,0
Iraq,2020-11,2632.4872080088903,0
Greece,2020-11,2354.4816462736367,0
Pakistan,2020-11,2308.8767519466055,0
South Africa,2020-11,2205.857842046703,0
Azerbaijan,2020-11,2172.72235817575,0
Peru,2020-11,2062.428921023336,0
Nepal,2020-11,1977.925250278082,0
Slovakia,2020-11,1948.6816462736372,0
Bangladesh,2020-11,1930.9114571746263,0
Japan,2020-11,1677.4711902113454,0
Philippines,2020-11,1634.3692992213494,0
Lithuania,2020-11,1619.6502780867627,0
Lebanon,2020-11,1581.6222469410438,0
Armenia,2020-11,1481.5559510567275,0
Ontario,2020-11,1441.7701890989972,0
Slovenia,2020-11,1429.8718576195765,0
Chile,2020-11,1378.964627363727,0
Myanmar,2020-11,1291.925917686317,0
United States of America,2020-11,157456.45717463834,1
Brazil,2020-11,28302.491212458153,2
France,2020-11,26117.12857142859,2
Russian Federation,2020-11,22420.887430478273,2
Poland,2020-11,22116.322135706338,2
United Kingdom,2020-11,21399.430700778623,2
Germany,2020-11,18343.622024471617,2
Spain,2020-11,15090.881201334802,2
Ukraine,2020-11,12046.455172413787,2
Iran,2020-11,12023.59065628474,2
India,2020-11,42535.351946607065,3
Italy,2020-11,32249.940823136796,3
Russian Federation,2020-12,27613.694354838703,0
United Kingdom,2020-12,27219.098790322536,0
India,2020-12,25811.185887096606,0
Germany,2020-12,22240.485483870954,0
Italy,2020-12,15712.739919354839,0
France,2020-12,12675.647580645178,1
Ukraine,2020-12,10670.689919354829,1
Colombia,2020-12,10632.560483870924,1
Mexico,2020-12,10040.500806451593,1
Netherlands,2020-12,9647.436290322572,1
Poland,2020-12,9556.655645161281,1
South Africa,2020-12,8773.977016129014,1
Spain,2020-12,8641.448387096765,1
Iran,2020-12,7914.917338709674,1
Indonesia,2020-12,6579.675806451607,1
Czechia,2020-12,6043.32217741935,1
Argentina,2020-12,6017.546774193534,1
Sweden,2020-12,5868.151209677415,1
Serbia,2020-12,5108.920564516127,1
Romania,2020-12,5057.385887096765,1
Slovakia,2020-12,4980.487096774192,1
Switzerland,2020-12,4034.31733870967,1
Portugal,2020-12,3621.433467741933,1
Hungary,2020-12,3340.4189516128977,1
Azerbaijan,2020-12,3276.278225806451,1
Denmark,2020-12,2933.239112903225,1
Georgia,2020-12,2915.754435483869,1
Lithuania,2020-12,2772.737096774193,1
Japan,2020-12,2761.5149193548373,1
Israel,2020-12,2694.51088709677,1
Croatia,2020-12,2681.859274193547,1
Panama,2020-12,2600.456854838705,1
Pakistan,2020-12,2589.4564516129035,1
Morocco,2020-12,2568.898387096769,1
Austria,2020-12,2429.174999999994,1
Jordan,2020-12,2314.115725806445,1
Belgium,2020-12,2290.8068548387,1
Ontario,2020-12,2184.35887096774,1
Quebec,2020-12,2008.439919354838,1
Chile,2020-12,1884.521370967738,1
Belarus,2020-12,1882.8762096774165,1
Bulgaria,2020-12,1731.8177419354822,1
Palestine,2020-12,1683.4520161290309,1
Peru,2020-12,1661.9153225806344,1
Lebanon,2020-12,1657.8588709677394,1
Malaysia,2020-12,1529.0153225806446,1
Bangladesh,2020-12,1519.2487903225801,1
United States of America,2020-12,211019.01653225807,2
Turkey,2020-12,57008.35685483872,3
Brazil,2020-12,42877.42056451594,3
South Korea,2020-2,66.33842364532016,0
Hubei,2020-2,2305.4536945812806,1
Chongqing,2020-2,10.027586206896563,2
Iran,2020-2,9.849753694581276,2
Hebei,2020-2,8.383743842364533,2
Japan,2020-2,7.920689655172412,2
Beijing,2020-2,7.671428571428574,2
Shanghai,2020-2,5.105911330049267,2
Guangxi,2020-2,5.048768472906409,2
Fujian,2020-2,4.701970443349758,2
Shaanxi,2020-2,4.464532019704439,2
Guizhou,2020-2,4.055172413793105,2
Hainan,2020-2,3.6556650246305455,2
Tianjin,2020-2,3.2733990147783265,2
Singapore,2020-2,3.2536945812807883,2
Hong Kong,2020-2,3.0650246305418714,2
Yunnan,2020-2,2.5359605911330054,2
Shanxi,2020-2,2.3384236453201996,2
Jilin,2020-2,2.23497536945813,2
Xinjiang,2020-2,2.2108374384236464,2
Inner Mongolia,2020-2,1.7640394088669957,2
Ningxia,2020-2,1.7600985221674885,2
Liaoning,2020-2,1.7389162561576372,2
United Kingdom,2020-2,1.5108374384236452,2
Gansu,2020-2,1.4724137931034496,2
France,2020-2,1.3325123152709355,2
Kuwait,2020-2,1.0522167487684724,2
Bahrain,2020-2,1.0049261083743837,2
Taiwan,2020-2,0.8955665024630541,2
Germany,2020-2,0.8773399014778323,2
Spain,2020-2,0.686206896551724,2
Thailand,2020-2,0.6837438423645325,2
Malaysia,2020-2,0.5842364532019707,2
Ontario,2020-2,0.4546798029556649,2
United Arab Emirates,2020-2,0.43793103448275855,2
Viet Nam,2020-2,0.34088669950738937,2
United States of America,2020-2,0.3295566502463055,2
Switzerland,2020-2,0.23300492610837426,2
British Columbia,2020-2,0.22463054187192116,2
Henan,2020-2,26.769950738916283,3
Guangdong,2020-2,24.30837438423647,3
Italy,2020-2,23.178817733990137,3
Anhui,2020-2,22.7857142857143,3
Jiangxi,2020-2,20.726600985221687,3
Shandong,2020-2,20.645812807881775,3
Hunan,2020-2,19.055172413793127,3
Zhejiang,2020-2,17.29655172413794,3
Jiangsu,2020-2,14.72660098522168,3
Heilongjiang,2020-2,14.37536945812808,3
Sichuan,2020-2,11.609359605911338,3
Switzerland,2020-3,573.1653225806454,0
Netherlands,2020-3,429.58548387096783,0
Belgium,2020-3,360.34919354838723,0
Turkey,2020-3,291.4165322580646,0
Austria,2020-3,288.17943548387103,0
Portugal,2020-3,203.5012096774194,0
Israel,2020-3,161.57575083426033,0
Norway,2020-3,161.11411290322584,0
South Korea,2020-3,158.69435483870967,0
Brazil,2020-3,158.11532258064523,0
Sweden,2020-3,148.03629032258067,0
Quebec,2020-3,124.05725806451616,0
Czechia,2020-3,102.39596774193551,0
Ontario,2020-3,97.15,0
Ireland,2020-3,96.3036290322581,0
Malaysia,2020-3,94.94072580645162,0
Denmark,2020-3,92.67137096774195,0
Chile,2020-3,79.14798387096776,0
Luxembourg,2020-3,71.77258064516131,0
Ecuador,2020-3,70.10080645161294,0
Pakistan,2020-3,68.62217741935486,0
Poland,2020-3,66.67540322580645,0
New South Wales,2020-3,62.68911290322581,0
Romania,2020-3,61.5358870967742,0
Finland,2020-3,57.15604838709679,0
Japan,2020-3,56.34677419354839,0
Russian Federation,2020-3,53.63750000000001,0
Thailand,2020-3,50.193951612903234,0
Saudi Arabia,2020-3,49.16411290322583,0
Philippines,2020-3,47.48709677419356,0
Indonesia,2020-3,47.337096774193554,0
South Africa,2020-3,44.1358870967742,0
Greece,2020-3,40.24112903225807,0
India,2020-3,39.03548387096775,0
Iceland,2020-3,38.35766129032259,0
British Columbia,2020-3,34.02016129032259,0
Mexico,2020-3,34.009677419354844,0
Panama,2020-3,31.681451612903228,0
Peru,2020-3,31.01370967741936,0
Dominican Republic,2020-3,28.216935483870976,0
Slovenia,2020-3,28.141129032258075,0
Argentina,2020-3,27.446774193548393,0
Singapore,2020-3,27.41693548387097,0
United States of America,2020-3,5020.045967741937,1
Germany,2020-3,1898.1681451612908,2
France,2020-3,1498.137903225807,2
Iran,2020-3,1328.164919354839,2
United Kingdom,2020-3,1093.835483870968,2
Italy,2020-3,3694.8673387096787,3
Spain,2020-3,2934.499193548387,3
United States of America,2020-4,29337.754393770858,0
Netherlands,2020-4,910.672969966629,1
Quebec,2020-4,838.5655172413793,1
Ecuador,2020-4,789.355061179088,1
Saudi Arabia,2020-4,722.6424916573972,1
Ireland,2020-4,658.3844271412681,1
Mexico,2020-4,592.6140155728588,1
Portugal,2020-4,586.0031145717462,1
Singapore,2020-4,571.0302558398222,1
Sweden,2020-4,556.4560622914349,1
Ontario,2020-4,509.85583982202456,1
Pakistan,2020-4,506.9288097886541,1
Chile,2020-4,485.43515016685205,1
Belarus,2020-4,470.44805339265866,1
Japan,2020-4,443.8714126807564,1
Qatar,2020-4,414.27474972191334,1
United Arab Emirates,2020-4,404.1045606229144,1
Switzerland,2020-4,380.15216907675153,1
Poland,2020-4,357.2329254727475,1
Ukraine,2020-4,343.6918798665184,1
Romania,2020-4,341.7101223581758,1
Israel,2020-4,323.6671857619576,1
Indonesia,2020-4,306.55773081201335,1
Serbia,2020-4,291.80177975528363,1
Bangladesh,2020-4,259.90322580645164,1
Dominican Republic,2020-4,207.427808676307,1
Philippines,2020-4,205.59377085650726,1
Denmark,2020-4,198.67808676306998,1
Panama,2020-4,185.23092324805336,1
Colombia,2020-4,181.83270300333703,1
Austria,2020-4,168.24582869855374,1
Egypt,2020-4,160.4364849833148,1
Alberta,2020-4,156.51034482758624,1
Morocco,2020-4,141.6932146829811,1
South Africa,2020-4,141.6,1
Czechia,2020-4,134.08743047830916,1
Republic of Moldova,2020-4,119.73592880978865,1
Kuwait,2020-4,118.9276974416018,1
France,2020-4,5793.360683760684,2
United Kingdom,2020-4,4599.967964404893,2
Spain,2020-4,3948.7876847290663,2
Turkey,2020-4,3879.824471635151,2
Russian Federation,2020-4,3593.376863181313,2
Italy,2020-4,3286.4787541713,2
Germany,2020-4,3037.158398220243,2
Brazil,2020-4,2528.1263626251393,3
Iran,2020-4,1562.240044493881,3
Belgium,2020-4,1240.7859844271409,3
Peru,2020-4,1176.8022246941048,3
India,2020-4,1138.8269187986655,3
United States of America,2020-5,22384.81975806451,0
Qatar,2020-5,1450.848387096774,1
Turkey,2020-5,1372.2826612903207,1
Bangladesh,2020-5,1276.1697580645161,1
Belarus,2020-5,931.4903225806452,1
South Africa,2020-5,859.8354838709678,1
Spain,2020-5,828.2177975528309,1
Italy,2020-5,822.3903225806453,1
Kuwait,2020-5,804.2298387096774,1
United Arab Emirates,2020-5,749.2899193548387,1
Colombia,2020-5,720.8358870967742,1
Germany,2020-5,692.4169354838666,1
Quebec,2020-5,687.0314516129031,1
Singapore,2020-5,602.7822580645163,1
France,2020-5,589.3975528364829,1
Egypt,2020-5,586.9814516129032,1
Sweden,2020-5,562.6322580645161,1
Indonesia,2020-5,542.0125000000002,1
Afghanistan,2020-5,435.67258064516136,1
Ecuador,2020-5,428.2783251231533,1
Ukraine,2020-5,420.4479838709677,1
Argentina,2020-5,404.15241935483874,1
Poland,2020-5,364.8512096774194,1
Ontario,2020-5,349.1032258064511,1
Dominican Republic,2020-5,329.0475806451612,1
Belgium,2020-5,313.96411290322567,1
Oman,2020-5,278.61169354838717,1
Bahrain,2020-5,274.83427419354837,1
Bolivia,2020-5,273.3649193548387,1
Philippines,2020-5,266.0270161290322,1
Nigeria,2020-5,258.2258064516129,1
Portugal,2020-5,242.24916573971043,1
Armenia,2020-5,234.8266129032258,1
Kazakhstan,2020-5,232.54274193548383,1
Romania,2020-5,217.66774193548375,1
Netherlands,2020-5,204.4669354838713,1
Panama,2020-5,199.0943548387096,1
Ghana,2020-5,195.34274193548387,1
Algeria,2020-5,180.23790322580646,1
Sudan,2020-5,151.63467741935486,1
Brazil,2020-5,14004.975806451612,2
Russian Federation,2020-5,9745.42016129032,2
India,2020-5,4987.167741935485,3
Peru,2020-5,3910.4645161290314,3
Chile,2020-5,3356.7201612903223,3
United Kingdom,2020-5,2501.784274193548,3
Mexico,2020-5,2336.704435483871,3
Saudi Arabia,2020-5,2168.4834677419353,3
Iran,2020-5,1897.687499999999,3
Pakistan,2020-5,1738.965322580645,3
Argentina,2020-6,1611.1434927697444,0
Egypt,2020-6,1480.789988876529,0
Iraq,2020-6,1463.3850945494999,0
Qatar,2020-6,1291.8867630700756,0
Turkey,2020-6,1247.0522803114534,0
Indonesia,2020-6,1034.835817575083,0
Sweden,2020-6,1018.4832035595094,0
Oman,2020-6,978.3868743047827,0
United Kingdom,2020-6,910.8211345939891,0
Bolivia,2020-6,796.8565072302557,0
Ukraine,2020-6,729.5581757508337,0
Panama,2020-6,688.8649610678527,0
Belarus,2020-6,657.3472747497212,0
Philippines,2020-6,628.1448275862064,0
Kuwait,2020-6,611.9301446051162,0
Ecuador,2020-6,569.5223581757498,0
Afghanistan,2020-6,553.8680756395993,0
Armenia,2020-6,547.3248053392659,0
Nigeria,2020-6,542.5239154616239,0
Dominican Republic,2020-6,523.3228031145715,0
Bahrain,2020-6,515.9537263626247,0
Honduras,2020-6,488.7886540600668,0
Guatemala,2020-6,448.37575083426026,0
United Arab Emirates,2020-6,446.1043381535023,0
Germany,2020-6,439.16373748609124,0
Nepal,2020-6,418.10278086763066,0
Azerbaijan,2020-6,402.4109010011122,0
Kazakhstan,2020-6,378.66852057842016,0
Poland,2020-6,367.06963292547175,0
France,2020-6,338.7301587301542,0
Spain,2020-6,335.01312569520934,0
Portugal,2020-6,327.50789766407013,0
Ghana,2020-6,327.35461624026675,0
Republic of Moldova,2020-6,304.9928809788653,0
Singapore,2020-6,282.93859844271304,0
Italy,2020-6,269.24482758621235,0
Romania,2020-6,264.4022246941044,0
Brazil,2020-6,31367.05960591133,1
United States of America,2020-6,27598.489432702954,1
India,2020-6,13068.367296996661,2
Russian Federation,2020-6,8101.581535038919,2
Chile,2020-6,5334.238264738596,3
Pakistan,2020-6,4998.264516129031,3
Mexico,2020-6,4632.331924360399,3
Peru,2020-6,4013.9003337041113,3
South Africa,2020-6,3919.4796440489426,3
Saudi Arabia,2020-6,3735.5417130144583,3
Bangladesh,2020-6,3333.1239154616237,3
Iran,2020-6,2463.0909899888716,3
Colombia,2020-6,2297.8705228031145,3
Brazil,2020-7,38972.062096774185,0
India,2020-7,35820.729838709674,0
Bangladesh,2020-7,2915.6225806451603,1
Saudi Arabia,2020-7,2699.2633064516067,1
Iran,2020-7,2429.14153225806,1
Chile,2020-7,2406.512096774188,1
Iraq,2020-7,2379.464919354838,1
Pakistan,2020-7,1992.8540322580602,1
Philippines,2020-7,1741.480241935483,1
Indonesia,2020-7,1674.5060483870961,1
Kazakhstan,2020-7,1658.2560483870968,1
Israel,2020-7,1558.4306451612902,1
Bolivia,2020-7,1446.3040322580646,1
Oman,2020-7,1366.7044354838708,1
Spain,2020-7,1227.4475806451535,1
Dominican Republic,2020-7,1207.6669354838702,1
Kyrgyzstan,2020-7,1186.9564516129033,1
Guatemala,2020-7,1047.2133064516127,1
Panama,2020-7,1043.7044354838704,1
Turkey,2020-7,973.9229838709657,1
Ecuador,2020-7,902.533064516129,1
Ukraine,2020-7,817.6306451612895,1
Egypt,2020-7,796.3862903225792,1
Romania,2020-7,771.6008064516125,1
Honduras,2020-7,731.0834677419354,1
United Kingdom,2020-7,666.8891129032233,1
Kuwait,2020-7,660.2903225806452,1
Ghana,2020-7,579.6282258064512,1
Nigeria,2020-7,565.2133064516125,1
France,2020-7,558.9733870967708,1
Algeria,2020-7,545.3237903225807,1
Japan,2020-7,545.062903225806,1
Uzbekistan,2020-7,509.53024193548384,1
Costa Rica,2020-7,482.35967741935485,1
Kenya,2020-7,464.26653225806444,1
Bahrain,2020-7,461.671370967742,1
Azerbaijan,2020-7,461.3463709677416,1
Qatar,2020-7,446.77983870967506,1
Germany,2020-7,435.8423387096746,1
Armenia,2020-7,411.9681451612903,1
Venezuela (Bolivarian Republic),2020-7,403.65806451612906,1
Ethiopia,2020-7,385.8782258064515,1
Serbia,2020-7,359.38306451612897,1
United States of America,2020-7,62809.59677419352,2
South Africa,2020-7,11546.60685483871,3
Colombia,2020-7,6455.109274193548,3
Mexico,2020-7,6350.620967741935,3
Russian Federation,2020-7,6195.764919354825,3
Argentina,2020-7,4096.895967741935,3
Peru,2020-7,3904.7407258064495,3
United States of America,2020-8,48536.55443548377,0
Brazil,2020-8,40652.78427419356,0
France,2020-8,2907.517741935483,1
Bangladesh,2020-8,2567.4354838709637,1
Iran,2020-8,2290.802822580642,1
Indonesia,2020-8,2110.4810483870965,1
Chile,2020-8,1785.0774193548323,1
Ukraine,2020-8,1724.859274193547,1
Israel,2020-8,1465.6487903225798,1
Saudi Arabia,2020-8,1309.7391129032228,1
Morocco,2020-8,1302.2737903225805,1
Bolivia,2020-8,1292.4435483870952,1
Turkey,2020-8,1268.9786290322572,1
Romania,2020-8,1200.172580645161,1
Ethiopia,2020-8,1191.06814516129,1
Kazakhstan,2020-8,1188.5423387096748,1
Germany,2020-8,1157.8205645161288,1
United Kingdom,2020-8,1054.4705645161232,1
Japan,2020-8,1029.279838709677,1
Ecuador,2020-8,976.9036290322568,1
Venezuela (Bolivarian Republic),2020-8,938.1508064516128,1
Panama,2020-8,878.9798387096765,1
Guatemala,2020-8,818.1919354838699,1
Dominican Republic,2020-8,794.8379032258067,1
Costa Rica,2020-8,760.2399193548385,1
Poland,2020-8,713.3858870967745,1
Italy,2020-8,684.9762096774155,1
Nepal,2020-8,642.4616935483866,1
Kuwait,2020-8,606.8858870967734,1
Pakistan,2020-8,598.2157258064483,1
Uzbekistan,2020-8,580.6516129032258,1
Honduras,2020-8,579.2249999999992,1
Netherlands,2020-8,549.3407258064506,1
Belgium,2020-8,546.4471774193535,1
Algeria,2020-8,451.4903225806447,1
Lebanon,2020-8,430.8959677419356,1
Kenya,2020-8,428.3754032258061,1
Paraguay,2020-8,421.54193548387104,1
Republic of Moldova,2020-8,410.8241935483871,1
Nigeria,2020-8,374.96532258064457,1
Colombia,2020-8,10613.630645161285,2
Peru,2020-8,7699.903629032254,2
Argentina,2020-8,7228.542338709677,2
Mexico,2020-8,5599.909274193544,2
Spain,2020-8,5570.736693548379,2
Russian Federation,2020-8,4920.631854838699,2
Philippines,2020-8,4113.687903225804,2
South Africa,2020-8,3971.6745967741876,2
Iraq,2020-8,3716.577822580642,2
India,2020-8,64459.72096774192,3
Argentina,2020-9,10993.115016685195,0
Spain,2020-9,10294.374638487201,0
France,2020-9,9445.16952169076,0
Colombia,2020-9,7040.099888765288,0
Russian Federation,2020-9,5839.547497219107,0
Peru,2020-9,5664.052947719667,0
Mexico,2020-9,4630.32035595104,1
Israel,2020-9,4486.315906562847,1
Iraq,2020-9,4252.014905450499,1
United Kingdom,2020-9,3948.1161290322475,1
Indonesia,2020-9,3796.5599555061162,1
Philippines,2020-9,3209.7541713014393,1
Ukraine,2020-9,3030.6989988876508,1
Iran,2020-9,2772.913236929915,1
Morocco,2020-9,2103.2360400444923,1
Netherlands,2020-9,1760.8100111234687,1
Chile,2020-9,1697.3210233592754,1
Bangladesh,2020-9,1644.876751946599,1
Turkey,2020-9,1641.5706340378135,1
Czechia,2020-9,1637.5552836484978,1
Germany,2020-9,1584.042714126801,1
South Africa,2020-9,1576.5056729699509,1
Italy,2020-9,1521.8591768631786,1
Romania,2020-9,1311.0496106785292,1
Nepal,2020-9,1288.4823136818682,1
Costa Rica,2020-9,1178.8300333704115,1
Belgium,2020-9,1165.9575083426007,1
Venezuela (Bolivarian Republic),2020-9,938.0685205784195,1
Ecuador,2020-9,884.58669950739,1
United Arab Emirates,2020-9,807.7047830923226,1
Paraguay,2020-9,774.8253615127916,1
Poland,2020-9,755.8373748609545,1
Ethiopia,2020-9,727.2522803114551,1
Lebanon,2020-9,726.3439377085646,1
Hungary,2020-9,718.0442714126808,1
Libya,2020-9,696.5937708565067,1
Kuwait,2020-9,669.7715239154596,1
Bahrain,2020-9,661.6914349276966,1
Panama,2020-9,653.1061179087841,1
Bolivia,2020-9,627.9508342602869,1
Austria,2020-9,615.1819799777527,1
Saudi Arabia,2020-9,612.8153503893128,1
Portugal,2020-9,611.2709677419336,1
Dominican Republic,2020-9,608.9143492769715,1
Palestine,2020-9,605.0313681868741,1
Pakistan,2020-9,569.7677419354736,1
Guatemala,2020-9,568.1098998887636,1
India,2020-9,89010.36974416014,2
United States of America,2020-9,39957.33726362602,3
Brazil,2020-9,29042.13125695208,3
Brazil,2021-1,52557.541129032244,0
United Kingdom,2021-1,42799.83064516127,0
Spain,2021-1,30411.655645161278,0
Czechia,2021-1,8569.174193548379,1
Turkey,2021-1,8231.647580645144,1
Israel,2021-1,7415.762096774184,1
Poland,2021-1,6977.852419354818,1
Iran,2021-1,6207.79274193547,1
Ukraine,2021-1,5662.23629032257,1
Netherlands,2021-1,5586.2979838709625,1
Japan,2021-1,5441.224193548383,1
Slovakia,2021-1,5056.320161290321,1
Sweden,2021-1,4472.467741935477,1
Lebanon,2021-1,4171.047580645159,1
Peru,2021-1,4086.9826612903207,1
Chile,2021-1,3922.7403225806374,1
Ireland,2021-1,3429.5987903225796,1
Malaysia,2021-1,3287.5322580645156,1
United Arab Emirates,2021-1,3247.6983870967724,1
Romania,2021-1,3119.460080645149,1
Ontario,2021-1,2692.981854838706,1
Tunisia,2021-1,2468.299999999998,1
Panama,2021-1,2430.1552419354834,1
Switzerland,2021-1,2356.4455645161265,1
Pakistan,2021-1,2111.840725806441,1
Belgium,2021-1,2088.5499999999843,1
Bolivia,2021-1,1924.214516129028,1
Serbia,2021-1,1814.2697580645147,1
Quebec,2021-1,1796.7745967741926,1
Belarus,2021-1,1745.562903225805,1
Philippines,2021-1,1728.9689516128963,1
Austria,2021-1,1674.6903225806414,1
Nigeria,2021-1,1484.184274193547,1
Dominican Republic,2021-1,1457.3717741935438,1
Slovenia,2021-1,1447.7326612903194,1
Hungary,2021-1,1404.138306451604,1
Ecuador,2021-1,1274.8749999999955,1
Lithuania,2021-1,1199.2403225806418,1
United States of America,2021-1,200527.96088709662,2
Russian Federation,2021-1,22013.545161290287,3
France,2021-1,18784.423790322522,3
Germany,2021-1,16605.27258064513,3
Colombia,2021-1,15652.706451612888,3
Mexico,2021-1,15219.216129032244,3
India,2021-1,14975.127016128929,3
Italy,2021-1,14268.897580645149,3
South Africa,2021-1,13277.047177419337,3
Indonesia,2021-1,11103.102822580631,3
Argentina,2021-1,10394.366935483853,3
Portugal,2021-1,10360.112096774195,3
United Kingdom,2021-10,41892.85241935477,0
Russian Federation,2021-10,31768.643548387,0
Turkey,2021-10,28823.00766129013,0
Philippines,2021-10,7144.074193548329,1
Malaysia,2021-10,6985.618145161252,1
Serbia,2021-10,6530.251612903207,1
Mongolia,2021-10,6299.752419354835,1
France,2021-10,4585.877822580422,1
Mexico,2021-10,4584.850806451527,1
Netherlands,2021-10,4322.872177419345,1
Belgium,2021-10,3963.4471774193294,1
Viet Nam,2021-10,3832.838709677408,1
Georgia,2021-10,3706.9205645161255,1
Poland,2021-10,3621.959274193523,1
Bulgaria,2021-10,3402.129838709666,1
Singapore,2021-10,3326.803225806451,1
Italy,2021-10,3034.144758064426,1
Slovakia,2021-10,2924.7693548387024,1
Greece,2021-10,2797.5891129032148,1
Austria,2021-10,2578.975806451606,1
Lithuania,2021-10,2555.554032258055,1
Czechia,2021-10,2262.9252502780287,1
Cuba,2021-10,2230.2040322580606,1
Latvia,2021-10,2056.154032258065,1
Belarus,2021-10,2013.3975806451592,1
Croatia,2021-10,2003.3612903225774,1
Kazakhstan,2021-10,1842.6572580644997,1
Ireland,2021-10,1835.1495967741794,1
Spain,2021-10,1768.1645161289903,1
Victoria,2021-10,1760.6991935483875,1
Iraq,2021-10,1660.5677419354402,1
Azerbaijan,2021-10,1596.1677419354762,1
South Korea,2021-10,1595.2161290322522,1
Armenia,2021-10,1542.0080645161283,1
Republic of Moldova,2021-10,1468.3447580645168,1
Colombia,2021-10,1410.3620967741535,1
Palestine,2021-10,1388.7689516129005,1
Hungary,2021-10,1360.827016129017,1
Israel,2021-10,1355.9221774193347,1
Slovenia,2021-10,1320.2129032258072,1
Chile,2021-10,1317.8624999999788,1
Jordan,2021-10,1260.9584677419098,1
Ukraine,2021-10,16931.295564516116,2
India,2021-10,16238.052822580194,2
Romania,2021-10,14027.015322580639,2
Brazil,2021-10,12025.599193548114,2
Germany,2021-10,11080.7729838709,2
Iran,2021-10,10923.26975806449,2
Thailand,2021-10,9941.69193548387,2
United States of America,2021-10,80311.81169354742,3
Brazil,2021-11,9699.699221356415,0
Slovakia,2021-11,9433.80066740823,0
Italy,2021-11,8823.326807563903,0
Hungary,2021-11,8109.402002224678,0
Thailand,2021-11,6788.39733036705,0
Greece,2021-11,6635.678754171286,0
Iran,2021-11,6176.468075639458,0
Malaysia,2021-11,5541.835595105568,0
Spain,2021-11,4908.270300333648,0
Croatia,2021-11,4903.786651835369,0
Switzerland,2021-11,4585.620912124559,0
Ireland,2021-11,4237.829810900995,0
Georgia,2021-11,4201.025806451592,0
Romania,2021-11,3940.3577308119557,0
Serbia,2021-11,3507.1655172413552,0
Denmark,2021-11,3461.1116796440415,0
Slovenia,2021-11,3028.3381535038834,0
Jordan,2021-11,3026.032703003311,0
Bulgaria,2021-11,2833.869855394866,0
South Korea,2021-11,2829.027141268069,0
Mexico,2021-11,2728.7935483870397,0
Mongolia,2021-11,2503.4338153503772,0
Chile,2021-11,2370.6562847608,0
Colombia,2021-11,2329.3110122356547,0
Singapore,2021-11,2220.8941045606207,0
Lithuania,2021-11,2080.731924360388,0
Norway,2021-11,1994.2740823136762,0
Portugal,2021-11,1947.8536151278954,0
Azerbaijan,2021-11,1918.0266963292374,0
Belarus,2021-11,1830.2124582869687,0
Philippines,2021-11,1502.2300333703624,0
South Africa,2021-11,1437.5512791990375,0
Argentina,2021-11,1366.6756395994098,0
Mauritius,2021-11,1272.8482758620685,0
Peru,2021-11,1222.760177975498,0
Kazakhstan,2021-11,1158.886095661823,0
United States of America,2021-11,84404.208008898,1
Germany,2021-11,43069.58487208001,2
United Kingdom,2021-11,39321.581979977476,2
Russian Federation,2021-11,36395.28253615104,2
Turkey,2021-11,24834.1710789765,3
Ukraine,2021-11,18661.19933259171,3
Netherlands,2021-11,18384.054505005526,3
Poland,2021-11,18071.03248053388,3
France,2021-11,16407.326140155677,3
Belgium,2021-11,13622.315684093412,3
Czechia,2021-11,13560.116796440452,3
Austria,2021-11,11757.448275862056,3
Viet Nam,2021-11,10699.074972191303,3
India,2021-11,10430.92680756294,3
United States of America,2021-12,177450.4116935477,0
Denmark,2021-12,9819.594758064513,1
Belgium,2021-12,9608.434274193516,1
Czechia,2021-12,9530.45685483865,1
Switzerland,2021-12,9473.052419354834,1
Argentina,2021-12,7836.270161290224,1
India,2021-12,7631.005241934694,1
Ukraine,2021-12,7331.936693548329,1
Greece,2021-12,6519.30766129032,1
Portugal,2021-12,6349.2580645161115,1
South Korea,2021-12,6221.8250000000035,1
Ireland,2021-12,6162.759274193533,1
Slovakia,2021-12,5874.512903225782,1
Brazil,2021-12,4911.499193548126,1
Ontario,2021-12,4905.30403225805,1
Hungary,2021-12,4539.132661290313,1
Quebec,2021-12,4429.706854838711,1
Norway,2021-12,4224.820564516125,1
Malaysia,2021-12,3899.7233870967225,1
Jordan,2021-12,3557.8407258064403,1
Austria,2021-12,3388.807258064508,1
Sweden,2021-12,3366.364112903222,1
Thailand,2021-12,3308.9241935483174,1
New South Wales,2021-12,3179.284677419354,1
Croatia,2021-12,3111.2745967741776,1
Zimbabwe,2021-12,2943.3173387096763,1
Georgia,2021-12,2801.1040322580443,1
Mexico,2021-12,2466.4052419354452,1
Iran,2021-12,2368.4903225805338,1
Finland,2021-12,2363.4141129032228,1
Colombia,2021-12,2346.4862903224866,1
Peru,2021-12,1786.0923387096277,1
Bolivia,2021-12,1750.112903225797,1
Lebanon,2021-12,1685.7826612903193,1
Victoria,2021-12,1653.2125000000003,1
Lithuania,2021-12,1578.7092741935353,1
Bulgaria,2021-12,1530.8931451612798,1
Belarus,2021-12,1402.7693548386937,1
Ethiopia,2021-12,1366.7177419354814,1
United Kingdom,2021-12,83343.58387096768,2
France,2021-12,63293.97419354829,2
Germany,2021-12,40041.31532258052,3
Spain,2021-12,35421.410901000985,3
Italy,2021-12,29521.63709677416,3
Russian Federation,2021-12,27486.418145161122,3
Turkey,2021-12,20401.170564515967,3
Poland,2021-12,17905.8088709677,3
South Africa,2021-12,17530.643548387055,3
Viet Nam,2021-12,16293.945161290329,3
Netherlands,2021-12,14676.445967741867,3
France,2021-2,19770.120268620223,0
Russian Federation,2021-2,13797.993705528237,0
Spain,2021-2,12971.304871373803,0
Italy,2021-2,12962.795019157127,0
India,2021-2,12448.104542966754,0
United Kingdom,2021-2,12434.11001642046,0
Indonesia,2021-2,9027.950738916279,0
Czechia,2021-2,8890.288724685286,0
Mexico,2021-2,8103.167761357408,0
Turkey,2021-2,7865.215654077749,0
Germany,2021-2,7796.379584017563,0
Iran,2021-2,7687.653804050372,0
Peru,2021-2,6893.794745484414,0
Poland,2021-2,6722.494800218935,0
Argentina,2021-2,6225.261083743892,1
Slovakia,2021-2,5444.479200875752,1
Colombia,2021-2,5142.501915708866,1
Ukraine,2021-2,4700.423097974841,1
Israel,2021-2,4382.977558839626,1
Netherlands,2021-2,3891.153256705,1
Chile,2021-2,3442.1275314723766,1
Sweden,2021-2,3231.848932676527,1
United Arab Emirates,2021-2,3125.0747126436836,1
Malaysia,2021-2,2976.448002189384,1
Iraq,2021-2,2845.742474001107,1
Lebanon,2021-2,2588.7348111658494,1
Portugal,2021-2,2580.954844006579,1
Romania,2021-2,2569.1458675424196,1
Jordan,2021-2,2268.281335522726,1
Serbia,2021-2,2218.4551176792625,1
Belgium,2021-2,2147.548166393007,1
Hungary,2021-2,2062.697591680351,1
South Africa,2021-2,2037.7660098522283,1
Philippines,2021-2,1772.6168582375549,1
Austria,2021-2,1515.2071702244182,1
Belarus,2021-2,1418.7049808429178,1
Japan,2021-2,1415.782430213468,1
Ecuador,2021-2,1261.1754241926667,1
Pakistan,2021-2,1220.9701696770792,1
Greece,2021-2,1202.7706622879089,1
Ontario,2021-2,1133.2747673782205,1
Switzerland,2021-2,1116.1324575807416,1
Bolivia,2021-2,1071.9868637110021,1
Albania,2021-2,1053.8300492610847,1
Bulgaria,2021-2,1014.7569786535345,1
Paraguay,2021-2,962.0577449370559,1
Kuwait,2021-2,933.7635467980311,1
Kazakhstan,2021-2,932.05446086481,1
United States of America,2021-2,81541.98193760324,2
Brazil,2021-2,47724.04707170246,3
Germany,2021-3,12185.302016128995,0
Ukraine,2021-3,11133.088306451602,0
Czechia,2021-3,10136.726585094537,0
Russian Federation,2021-3,9449.74919354839,0
Iran,2021-3,7981.618951612885,0
Hungary,2021-3,7660.635483870966,0
Jordan,2021-3,7483.586693548378,0
Argentina,2021-3,7432.416129032269,0
Peru,2021-3,7404.181854838689,0
Netherlands,2021-3,6183.436693548366,0
Indonesia,2021-3,5662.264112903212,0
Philippines,2021-3,5645.517338709663,0
Chile,2021-3,5619.854435483855,0
United Kingdom,2021-3,5513.236290322499,0
Romania,2021-3,5016.597177419339,0
Iraq,2021-3,4964.893548387088,0
Colombia,2021-3,4835.141935483823,0
Mexico,2021-3,4783.129435483827,0
Serbia,2021-3,4620.125000000001,0
Spain,2021-3,4566.9781979977115,0
Sweden,2021-3,4503.756854838697,0
Slovakia,2021-3,3816.3762096774135,0
Belgium,2021-3,3705.7137096774086,0
Bulgaria,2021-3,3162.03064516129,0
Lebanon,2021-3,3073.243951612899,0
Pakistan,2021-3,2995.081451612891,0
Austria,2021-3,2799.1161290322484,0
Greece,2021-3,2321.6963709677357,0
United Arab Emirates,2021-3,2177.4737903225737,0
Bangladesh,2021-3,1986.610483870967,0
Palestine,2021-3,1914.681048387094,0
Paraguay,2021-3,1850.1411290322555,0
Ontario,2021-3,1684.4721774193513,0
Israel,2021-3,1632.7383064515939,0
Ethiopia,2021-3,1570.6435483870935,0
Uruguay,2021-3,1506.8298387096766,0
Republic of Moldova,2021-3,1473.9060483870944,0
Switzerland,2021-3,1417.6108870967703,0
Ecuador,2021-3,1410.5080645161238,0
Malaysia,2021-3,1403.3919354838708,0
Estonia,2021-3,1374.6076612903214,0
Kuwait,2021-3,1331.6713709677376,0
Japan,2021-3,1329.8834677419304,0
Brazil,2021-3,72388.52903225791,1
India,2021-3,35488.352016128854,2
France,2021-3,28753.162499999973,2
Italy,2021-3,22004.292741935446,2
Poland,2021-3,20415.736693548366,2
Turkey,2021-3,19294.207661290253,2
United States of America,2021-3,57382.61895161218,3
India,2021-4,235971.01601779734,0
Philippines,2021-4,9682.552391546153,1
Russian Federation,2021-4,8524.034037819689,1
Peru,2021-4,8304.768186874271,1
Spain,2021-4,8277.6627363737,1
Netherlands,2021-4,7582.669855394833,1
Iraq,2021-4,7404.652725250256,1
Chile,2021-4,6746.438709677393,1
Sweden,2021-4,5784.797552836475,1
Indonesia,2021-4,5198.078309232438,1
Pakistan,2021-4,5161.193325917677,1
Bangladesh,2021-4,4903.918131256946,1
Ontario,2021-4,4040.058286985533,1
Japan,2021-4,4003.712791991091,1
Hungary,2021-4,3991.901001112319,1
Mexico,2021-4,3583.173971078948,1
Belgium,2021-4,3515.6618464960898,1
Romania,2021-4,3281.449165739691,1
Uruguay,2021-4,3137.530589543935,1
Czechia,2021-4,3132.7708565072026,1
Jordan,2021-4,3127.4097886540367,1
Serbia,2021-4,2870.132814238026,1
Greece,2021-4,2708.0522803114495,1
Kazakhstan,2021-4,2656.766184649605,1
Austria,2021-4,2430.015350389314,1
United Kingdom,2021-4,2315.2714285715397,1
Paraguay,2021-4,2195.325917686315,1
Malaysia,2021-4,2099.4431590656245,1
Croatia,2021-4,2049.8829810900957,1
Switzerland,2021-4,2033.8157953281236,1
Bulgaria,2021-4,2001.3775305895354,1
Azerbaijan,2021-4,1964.941713014456,1
United Arab Emirates,2021-4,1930.7688542825265,1
Lebanon,2021-4,1907.5528364849686,1
Tunisia,2021-4,1905.5192436040006,1
Palestine,2021-4,1810.4320355951022,1
Ecuador,2021-4,1806.3030033370346,1
Ethiopia,2021-4,1698.088542825358,1
Slovakia,2021-4,1503.187319243591,1
United States of America,2021-4,63664.24516128952,2
Brazil,2021-4,63350.8667408229,2
Turkey,2021-4,53528.26162402664,2
France,2021-4,32735.344334975453,3
Argentina,2021-4,22153.90834260284,3
Iran,2021-4,22002.66896551721,3
Germany,2021-4,19224.380200222393,3
Colombia,2021-4,15723.53615127914,3
Poland,2021-4,15066.063626251344,3
Italy,2021-4,14107.51590656276,3
Ukraine,2021-4,13105.541268075598,3
United States of America,2021-5,29506.933467741583,0
Argentina,2021-5,26926.74919354841,0
Colombia,2021-5,17267.692338709694,0
Iran,2021-5,12927.935887096719,0
Turkey,2021-5,12391.602822580599,0
India,2021-5,291620.65645161265,1
Brazil,2021-5,63123.64758064486,2
Germany,2021-5,9409.082661290253,3
Russian Federation,2021-5,8450.964516128919,3
Nepal,2021-5,8129.311290322578,3
Italy,2021-5,6066.751612903193,3
Chile,2021-5,5909.68306451612,3
Philippines,2021-5,5877.141129032259,3
Malaysia,2021-5,5294.112903225791,3
Peru,2021-5,5282.966532258068,3
Japan,2021-5,5213.062499999992,3
Spain,2021-5,5024.873387096735,3
Indonesia,2021-5,4768.476209677419,3
Netherlands,2021-5,4666.590725806418,3
Ukraine,2021-5,4550.471370967696,3
Iraq,2021-5,4232.609274193529,3
Sweden,2021-5,3366.927016129013,3
Uruguay,2021-5,3159.8887096774165,3
Thailand,2021-5,3113.819354838709,3
Pakistan,2021-5,3113.792338709669,3
South Africa,2021-5,2768.485080645154,3
Sri Lanka,2021-5,2609.1221774193523,3
Paraguay,2021-5,2514.1778225806397,3
Poland,2021-5,2480.393145161219,3
Belgium,2021-5,2329.080645161269,3
Costa Rica,2021-5,2302.712096774193,3
United Kingdom,2021-5,2281.97441601768,3
Mexico,2021-5,2251.547177419299,3
Bolivia,2021-5,2225.9899193548376,3
Kazakhstan,2021-5,2194.437499999994,3
Bahrain,2021-5,2080.899193548385,3
Ontario,2021-5,1994.048387096762,3
Greece,2021-5,1970.0959677419262,3
United Arab Emirates,2021-5,1555.624596774187,3
Ecuador,2021-5,1348.029838709673,3
Maldives,2021-5,1252.4701612903227,3
Bangladesh,2021-5,1250.6508064515997,3
Belarus,2021-5,1191.3290322580601,3
Cuba,2021-5,1180.9254032258038,3
Venezuela (Bolivarian Republic),2021-5,1165.732661290321,3
Egypt,2021-5,1154.4802419354803,3
Alberta,2021-5,1134.825806451613,3
Switzerland,2021-5,1133.380241935474,3
Tunisia,2021-5,1125.2870967741887,3
Georgia,2021-5,1125.0584677419288,3
India,2021-6,69063.64760845376,0
Brazil,2021-6,69020.33637374808,0
Philippines,2021-6,6172.745939933231,1
Chile,2021-6,5861.732814238006,1
Turkey,2021-6,5794.894994438173,1
Malaysia,2021-6,5731.99087875416,1
Iraq,2021-6,4751.276307007758,1
Spain,2021-6,4056.520355950951,1
Bangladesh,2021-6,3600.871190211341,1
Mexico,2021-6,3320.759288097828,1
Thailand,2021-6,3200.7928809788646,1
Peru,2021-6,3197.9644048942814,1
France,2021-6,2905.497044335123,1
Uruguay,2021-6,2478.7103448275807,1
Sri Lanka,2021-6,2375.959288097883,1
Tunisia,2021-6,2349.6286985539477,1
Nepal,2021-6,2305.1704115684006,1
Bolivia,2021-6,2253.4249165739593,1
Paraguay,2021-6,2200.6369299221265,1
Zambia,2021-6,2165.3733036707417,1
United Arab Emirates,2021-6,2078.7317018909785,1
Mongolia,2021-6,2050.465628476083,1
Oman,2021-6,1766.8420467185688,1
Japan,2021-6,1641.48453837596,1
Afghanistan,2021-6,1634.108342602891,1
Kuwait,2021-6,1606.368854282535,1
Costa Rica,2021-6,1566.5025583982194,1
Cuba,2021-6,1549.2496106785256,1
Germany,2021-6,1397.2538375972917,1
Guatemala,2021-6,1347.658509454942,1
Italy,2021-6,1316.0945494994028,1
Venezuela (Bolivarian Republic),2021-6,1283.122580645159,1
Saudi Arabia,2021-6,1220.792436040024,1
Kazakhstan,2021-6,1214.8876529477118,1
Uganda,2021-6,1205.7141268075623,1
Ukraine,2021-6,1202.1999999999036,1
Namibia,2021-6,1177.3497219132357,1
Pakistan,2021-6,1098.0972191323397,1
Dominican Republic,2021-6,1068.87163515016,1
Ecuador,2021-6,1042.6642936596156,1
Portugal,2021-6,999.3577308119964,1
Netherlands,2021-6,995.985761957706,1
Colombia,2021-6,27780.83337041143,2
Argentina,2021-6,21699.28876529471,2
Russian Federation,2021-6,14716.795328142238,3
United States of America,2021-6,12618.127030032127,3
Indonesia,2021-6,11683.91835372631,3
South Africa,2021-6,10438.527252502741,3
United Kingdom,2021-6,9981.930144604969,3
Iran,2021-6,9556.743715239048,3
Russian Federation,2021-7,23919.249596774032,0
Spain,2021-7,22584.060887096755,0
Iran,2021-7,22014.510887096727,0
Colombia,2021-7,16972.78064516121,0
South Africa,2021-7,14563.299193548342,0
Argentina,2021-7,14534.277419354843,0
Myanmar,2021-7,4958.008467741936,1
Viet Nam,2021-7,4338.80685483871,1
Japan,2021-7,3669.3241935483784,1
Portugal,2021-7,3006.7975806451363,1
Italy,2021-7,2855.988709677326,1
Morocco,2021-7,2656.404838709679,1
Greece,2021-7,2449.847177419343,1
Guatemala,2021-7,2374.6205645161253,1
Pakistan,2021-7,2371.8330645161195,1
Zimbabwe,2021-7,2038.658467741935,1
Libya,2021-7,1982.2749999999976,1
Peru,2021-7,1825.7290322580434,1
Chile,2021-7,1800.0379032258,1
Nepal,2021-7,1784.521370967732,1
Georgia,2021-7,1705.0633064516062,1
Sri Lanka,2021-7,1546.0471774193516,1
United Arab Emirates,2021-7,1534.6677419354694,1
Mongolia,2021-7,1506.1479838709663,1
Mozambique,2021-7,1488.431048387097,1
South Korea,2021-7,1422.8661290322564,1
Belgium,2021-7,1368.3822580645185,1
Botswana,2021-7,1329.506048387096,1
Kuwait,2021-7,1311.6471774193544,1
Germany,2021-7,1276.0145161289258,1
Costa Rica,2021-7,1274.719354838704,1
Zambia,2021-7,1251.5411290322552,1
Kyrgyzstan,2021-7,1237.1028225806435,1
Brazil,2021-7,42615.739112903204,2
Indonesia,2021-7,42107.67862903222,2
United States of America,2021-7,40998.34637096711,2
India,2021-7,39299.05161290286,2
United Kingdom,2021-7,37000.20685483868,2
Malaysia,2021-7,11769.338709677404,3
Bangladesh,2021-7,10916.044758064518,3
Thailand,2021-7,10882.805645161288,3
France,2021-7,10614.189516128894,3
Mexico,2021-7,10508.94112903226,3
Iraq,2021-7,8997.926612903198,3
Turkey,2021-7,8859.445564516136,3
Netherlands,2021-7,7139.289919354844,3
Cuba,2021-7,6424.083467741934,3
Tunisia,2021-7,5629.89274193548,3
Kazakhstan,2021-7,5509.059621801991,3
Philippines,2021-7,5501.7552419354615,3
Iran,2021-8,36688.0354838709,0
India,2021-8,36225.553225806034,0
United Kingdom,2021-8,30728.499193548258,0
Brazil,2021-8,28633.71532258019,0
Viet Nam,2021-8,10018.90564516129,1
Cuba,2021-8,8818.314112903217,1
Iraq,2021-8,8155.883870967733,1
Argentina,2021-8,8106.3084677418055,1
Morocco,2021-8,7991.323790322572,1
Bangladesh,2021-8,7559.7358870967555,1
Kazakhstan,2021-8,7332.791532258053,1
Israel,2021-8,6574.1669354838605,1
Italy,2021-8,6301.409274193506,1
Germany,2021-8,5752.777016129012,1
Georgia,2021-8,4484.340322580643,1
Sri Lanka,2021-8,4342.081854838708,1
Pakistan,2021-8,4095.1846774193245,1
Colombia,2021-8,3666.510887096665,1
Guatemala,2021-8,3481.707258064507,1
Greece,2021-8,3147.1145161290237,1
Myanmar,2021-8,3111.1028225806463,1
Azerbaijan,2021-8,2799.6189516128998,1
Netherlands,2021-8,2437.481048387062,1
Tunisia,2021-8,2299.5161290322526,1
Portugal,2021-8,2294.4858870967596,1
Nepal,2021-8,2208.3225806451474,1
Switzerland,2021-8,2113.6318548387108,1
Belgium,2021-8,1931.5455645161035,1
Libya,2021-8,1863.7169354838675,1
Costa Rica,2021-8,1834.3883064516099,1
South Korea,2021-8,1779.0403225806403,1
Ireland,2021-8,1739.8282258064448,1
Ukraine,2021-8,1688.1762096773834,1
Botswana,2021-8,1546.696370967741,1
Mongolia,2021-8,1516.965322580642,1
Honduras,2021-8,1404.0822580645145,1
Lebanon,2021-8,1385.9383064516076,1
Republic of Kosovo,2021-8,1333.4842741935465,1
United States of America,2021-8,142757.12298387088,2
Indonesia,2021-8,21881.320967741856,3
Turkey,2021-8,21102.477016128967,3
Malaysia,2021-8,20792.604435483838,3
Russian Federation,2021-8,20508.287499999846,3
Thailand,2021-8,20167.577419354835,3
Japan,2021-8,19437.791532258056,3
France,2021-8,19419.069758064597,3
Mexico,2021-8,17405.745967741874,3
Philippines,2021-8,13164.48266129031,3
Spain,2021-8,12342.726612903169,3
South Africa,2021-8,11183.667741935456,3
United Kingdom,2021-9,32764.547942157686,0
India,2021-9,30902.712569520845,0
Turkey,2021-9,25779.87764182408,0
Brazil,2021-9,22862.40667408195,0
Germany,2021-9,9185.353503893102,1
Cuba,2021-9,7780.605339265834,1
Israel,2021-9,7120.550166852023,1
France,2021-9,6858.346607341167,1
Serbia,2021-9,6251.5503893214545,1
Japan,2021-9,5986.089432702963,1
Mongolia,2021-9,5703.169966629582,1
Ukraine,2021-9,4855.1152391545365,1
Romania,2021-9,4295.717463848697,1
Italy,2021-9,4263.85672969958,1
Indonesia,2021-9,3829.7201334814968,1
South Africa,2021-9,3753.1199110121875,1
Iraq,2021-9,3626.623359288034,1
Kazakhstan,2021-9,3169.434037819769,1
Spain,2021-9,3169.024249165697,1
Guatemala,2021-9,2886.4126807563803,1
Pakistan,2021-9,2740.280978865387,1
Sri Lanka,2021-9,2519.581757508334,1
Costa Rica,2021-9,2279.894771968846,1
Greece,2021-9,2218.2896551724,1
Morocco,2021-9,2186.924582869852,1
Argentina,2021-9,2183.8849833146583,1
Switzerland,2021-9,2096.645606229116,1
Myanmar,2021-9,2064.2921023359227,1
Palestine,2021-9,2035.9568409343656,1
Georgia,2021-9,2024.5199110122192,1
Belgium,2021-9,1985.4022246940792,1
Netherlands,2021-9,1981.9294771968287,1
South Korea,2021-9,1968.0289210233523,1
Belarus,2021-9,1889.9679644048772,1
Austria,2021-9,1884.9219132369115,1
Azerbaijan,2021-9,1863.131034482753,1
Bangladesh,2021-9,1761.4171301445808,1
Colombia,2021-9,1577.8636262513241,1
Alberta,2021-9,1548.696329254726,1
Bulgaria,2021-9,1516.1804226918664,1
Tunisia,2021-9,1502.7388209121032,1
Ireland,2021-9,1379.8607006020882,1
United States of America,2021-9,137453.35038932078,2
Philippines,2021-9,19331.772636262463,3
Russian Federation,2021-9,19159.88987764173,3
Iran,2021-9,19110.325472747485,3
Malaysia,2021-9,16762.2266963292,3
Thailand,2021-9,13328.240044493838,3
Viet Nam,2021-9,10919.042046718572,3
Mexico,2021-9,9683.25183537254,3
Israel,2022-1,53437.93508064515,0
Netherlands,2022-1,43283.195967741915,0
Portugal,2022-1,42406.01774193546,0
Russian Federation,2022-1,38675.74758064495,0
Belgium,2022-1,35796.1133064516,0
Peru,2022-1,35364.90241935484,0
Mexico,2022-1,34724.05443548383,0
New South Wales,2022-1,33434.78442714126,0
Japan,2022-1,32157.428225806412,0
Denmark,2022-1,31202.899596774187,0
Switzerland,2022-1,29467.516532258036,0
Sweden,2022-1,27697.200403225805,0
Philippines,2022-1,27344.38185483866,0
Colombia,2022-1,26397.829435483858,0
Victoria,2022-1,24390.26290322581,0
Poland,2022-1,24299.811290322552,0
Greece,2022-1,22338.636693548367,0
Czechia,2022-1,20972.38870967738,0
Austria,2022-1,18579.199999999986,0
Queensland,2022-1,18340.789059829065,0
Viet Nam,2022-1,17522.495967741903,0
Romania,2022-1,13249.456048387086,0
Serbia,2022-1,13233.355645161275,0
Norway,2022-1,13065.193548387095,0
Ukraine,2022-1,12570.229838709605,0
Ireland,2022-1,12454.569354838697,0
Chile,2022-1,10930.734274193526,0
Kazakhstan,2022-1,9687.319758064505,0
Hungary,2022-1,9578.2266129032,0
Uruguay,2022-1,9217.346774193544,0
Bolivia,2022-1,9096.073387096769,0
Slovenia,2022-1,8228.835887096773,0
Ontario,2022-1,8019.695967741932,0
Quebec,2022-1,8010.11854838709,0
Croatia,2022-1,7723.041935483862,0
Panama,2022-1,7504.385887096769,0
Georgia,2022-1,7499.037903225798,0
Thailand,2022-1,7445.066129032234,0
Finland,2022-1,7367.60201612903,0
Bulgaria,2022-1,7098.789919354833,0
United States of America,2022-1,706151.2874999992,1
France,2022-1,311586.743145161,2
India,2022-1,243636.90806451536,2
Italy,2022-1,168595.57056451606,3
Spain,2022-1,124886.65040322582,3
United Kingdom,2022-1,114560.8318548384,3
Brazil,2022-1,109130.28467741895,3
Argentina,2022-1,100408.972580645,3
Germany,2022-1,85955.39032258047,3
Turkey,2022-1,69833.31129032248,3
South Korea,2022-10,25594.313709677255,0
Russian Federation,2022-10,12887.990725806114,1
Austria,2022-10,10194.939516128941,1
United Kingdom,2022-10,8289.655645161034,1
Greece,2022-10,7571.747580645077,1
Singapore,2022-10,7007.232258064485,1
Ukraine,2022-10,5622.14153225796,1
Hong Kong,2022-10,5127.883064516079,1
Brazil,2022-10,5111.506048386853,1
Switzerland,2022-10,4661.164112903126,1
Chile,2022-10,4452.506048386954,1
Spain,2022-10,3072.603629032049,1
Netherlands,2022-10,2930.5592741933215,1
Czechia,2022-10,2453.8734149053494,1
Belgium,2022-10,2378.3673387096487,1
India,2022-10,2122.6137931026656,1
New Zealand,2022-10,2011.6366935483716,1
Finland,2022-10,1970.7987903225758,1
Malaysia,2022-10,1966.4202447162704,1
Indonesia,2022-10,1942.006048386959,1
Philippines,2022-10,1817.212096774106,1
Turkey,2022-10,1765.948387096508,1
Hungary,2022-10,1696.6911290322366,1
Slovenia,2022-10,1647.9177419354755,1
New South Wales,2022-10,1493.1024193547062,1
Poland,2022-10,1491.7229838708524,1
Ontario,2022-10,1373.245161290299,1
Serbia,2022-10,1347.0419354838104,1
Victoria,2022-10,1212.5788654059481,1
Denmark,2022-10,1192.3157258063704,1
China,2022-10,1007.5499999999894,1
Quebec,2022-10,900.2209677419289,1
Queensland,2022-10,897.021182266074,1
Portugal,2022-10,798.603225806366,1
Viet Nam,2022-10,761.7919354838372,1
Sweden,2022-10,747.4592741934905,1
Mexico,2022-10,738.6040044491945,1
Latvia,2022-10,721.6536290322409,1
Western Australia,2022-10,691.7423387096661,1
Israel,2022-10,688.6354838708619,1
Bulgaria,2022-10,654.3201612903148,1
Slovakia,2022-10,588.8137096773672,1
Lithuania,2022-10,586.3149193548048,1
Qatar,2022-10,575.5286290322543,1
Germany,2022-10,83681.77258064515,2
France,2022-10,49670.0302419353,3
Taiwan,2022-10,41079.79717741925,3
United States of America,2022-10,37939.495564514415,3
Italy,2022-10,36816.79193548355,3
Japan,2022-10,33160.013709677136,3
Japan,2022-11,82716.12947719624,0
Greece,2022-11,7821.440266963132,1
Hong Kong,2022-11,6779.178420467108,1
Indonesia,2022-11,6022.465406006445,1
Chile,2022-11,5612.993325917519,1
Russian Federation,2022-11,5227.947942157442,1
Austria,2022-11,3902.789766407019,1
New South Wales,2022-11,3486.6556173525537,1
New Zealand,2022-11,3357.6923248052753,1
United Kingdom,2022-11,3312.3750834257708,1
Spain,2022-11,3100.234927697031,1
Victoria,2022-11,3005.6290640394304,1
Peru,2022-11,3000.786699507471,1
Switzerland,2022-11,2917.8133481645013,1
Malaysia,2022-11,2904.0589543936294,1
Singapore,2022-11,2002.980867630655,1
Finland,2022-11,1592.9134593993097,1
Ukraine,2022-11,1355.9036707451303,1
Western Australia,2022-11,1307.7535038931633,1
Israel,2022-11,1258.3933259175985,1
South Australia,2022-11,1146.7833147941924,1
Philippines,2022-11,1110.5508342601993,1
Queensland,2022-11,1100.4996662958401,1
Czechia,2022-11,943.7434927696515,1
Georgia,2022-11,885.1539488319767,1
Hungary,2022-11,881.5817575082848,1
Guangdong,2022-11,881.0665183537263,1
Netherlands,2022-11,847.9308120132969,1
Portugal,2022-11,820.0042269186187,1
Belgium,2022-11,792.0211345938944,1
Slovenia,2022-11,791.6847608453686,1
Ontario,2022-11,763.2780867630363,1
Quebec,2022-11,732.5263626250995,1
India,2022-11,676.9165298315407,1
Serbia,2022-11,620.891879866463,1
Denmark,2022-11,589.8024471634501,1
Brunei Darussalam,2022-11,580.5283648498282,1
Mexico,2022-11,556.3820470717385,1
Cyprus,2022-11,551.0925472747365,1
Sweden,2022-11,541.7252502780291,1
Thailand,2022-11,526.5406006673476,1
Guatemala,2022-11,520.1061179087443,1
France,2022-11,31674.150389320184,2
Italy,2022-11,27644.997107897336,2
Germany,2022-11,27133.712124581627,2
Taiwan,2022-11,18908.596218019808,2
China,2022-11,17496.588209121222,2
Brazil,2022-11,13776.286540599802,2
South Korea,2022-11,51795.08676306973,3
United States of America,2022-11,40965.907452723455,3
Brazil,2022-12,37573.15403225769,0
Germany,2022-12,30309.603225805964,0
Italy,2022-12,24955.32540322527,0
Taiwan,2022-12,16555.722580645022,1
Hong Kong,2022-12,16231.106854838676,1
Russian Federation,2022-12,6825.360080644647,1
Peru,2022-12,6777.307389162628,1
Argentina,2022-12,6171.102822580524,1
Greece,2022-12,5740.470967741809,1
New South Wales,2022-12,5404.0874999999505,1
New Zealand,2022-12,5167.564516128993,1
China,2022-12,4906.085080645139,1
Austria,2022-12,4775.699888765161,1
United Kingdom,2022-12,4627.654838709336,1
Mexico,2022-12,3719.8854838709335,1
Chile,2022-12,3582.4572580643694,1
Victoria,2022-12,3294.6935483870916,1
Spain,2022-12,2595.0048387094685,1
Switzerland,2022-12,2092.3141129031746,1
Bolivia,2022-12,1772.6600806451559,1
Queensland,2022-12,1742.9826473859302,1
Guatemala,2022-12,1683.7366935483703,1
Slovenia,2022-12,1657.7616935483582,1
South Australia,2022-12,1605.3819799777436,1
Indonesia,2022-12,1564.5129032256818,1
Sweden,2022-12,1558.6939516128505,1
Western Australia,2022-12,1433.5391129032039,1
Israel,2022-12,1372.119354838651,1
Finland,2022-12,1347.392741935451,1
Guangdong,2022-12,1300.6620967741933,1
Belgium,2022-12,1143.5387096773618,1
Paraguay,2022-12,1132.5072580645078,1
Singapore,2022-12,1115.2814516128658,1
Denmark,2022-12,1112.7217741934442,1
Quebec,2022-12,1048.9197580644989,1
Malaysia,2022-12,1029.206048387042,1
Philippines,2022-12,922.6258064516016,1
Ecuador,2022-12,909.0721774193379,1
Netherlands,2022-12,874.3955645158975,1
Panama,2022-12,772.5072580645129,1
Serbia,2022-12,761.5281423803717,1
Colombia,2022-12,747.1766129031737,1
Hungary,2022-12,712.3060483870593,1
Czechia,2022-12,711.7012096773325,1
Uruguay,2022-12,655.8487903225747,1
Beijing,2022-12,640.3016129032255,1
Japan,2022-12,147464.69314516126,2
United States of America,2022-12,65216.432258061,3
South Korea,2022-12,64983.17177419341,3
France,2022-12,49178.133467741594,3
Poland,2022-2,26576.954022988564,0
Iran,2022-2,23846.2993979202,0
Israel,2022-2,23329.35276409417,0
Portugal,2022-2,22506.71702244115,0
Malaysia,2022-2,22262.13957307067,0
Czechia,2022-2,21902.241926655766,0
Slovakia,2022-2,20095.571702244128,0
Switzerland,2022-2,19323.130268199282,0
Mexico,2022-2,19319.552271483404,0
Romania,2022-2,17294.594143404553,0
Greece,2022-2,17284.953749315857,0
Norway,2022-2,16442.64066776137,0
Thailand,2022-2,16373.275314723674,0
Argentina,2022-2,16307.44006568172,0
Georgia,2022-2,15244.056923918995,0
Jordan,2022-2,15048.064586754268,0
Singapore,2022-2,14186.205528188284,0
Belgium,2022-2,12478.475643130865,0
Latvia,2022-2,9553.737547892722,0
Lithuania,2022-2,9155.38259441709,0
Peru,2022-2,8999.235905856634,0
New South Wales,2022-2,8565.667887667867,0
Sweden,2022-2,8041.428024083234,0
Hungary,2022-2,7980.556650246342,0
Serbia,2022-2,7581.105090311985,0
Belarus,2022-2,6938.588396278066,0
Hong Kong,2022-2,6002.44581280788,0
Uruguay,2022-2,5983.837712096346,0
Victoria,2022-2,5965.025030525002,0
Finland,2022-2,5773.766283524912,0
Slovenia,2022-2,5664.902572523275,0
Germany,2022-2,176718.79748221146,1
Russian Federation,2022-2,169409.2175697867,1
United States of America,2022-2,124191.7534209102,2
Brazil,2022-2,114911.34345922318,2
France,2022-2,106872.292429792,2
Turkey,2022-2,88225.83059660667,2
South Korea,2022-2,86964.12862616309,2
Japan,2022-2,81433.92118226601,2
Netherlands,2022-2,65203.6176792556,3
Italy,2022-2,59591.55938697318,3
United Kingdom,2022-2,53132.768746579444,3
Indonesia,2022-2,47621.2430213465,3
India,2022-2,40811.1726874663,3
Viet Nam,2022-2,39045.33333333334,3
Denmark,2022-2,37502.77531472361,3
Spain,2022-2,35140.894909688075,3
Chile,2022-2,32836.3741105638,3
Ukraine,2022-2,30387.940613026836,3
Austria,2022-2,29908.535030104038,3
Viet Nam,2022-3,218585.17258064513,0
Germany,2022-3,209552.29677419324,0
Hong Kong,2022-3,24773.11774193548,1
Malaysia,2022-3,24613.689919354772,1
Switzerland,2022-3,24192.998790322556,1
Thailand,2022-3,23845.567338709647,1
Turkey,2022-3,22075.352419354702,1
Greece,2022-3,20185.553225806423,1
New Zealand,2022-3,17760.406854838708,1
New South Wales,2022-3,17322.575403225786,1
Spain,2022-3,15744.025806451426,1
Chile,2022-3,13091.461693548385,1
Indonesia,2022-3,12737.189112903225,1
Portugal,2022-3,11852.155645161254,1
Singapore,2022-3,11538.014516129035,1
Slovakia,2022-3,10289.084677419336,1
Poland,2022-3,9623.495967741852,1
Belgium,2022-3,9360.71975806448,1
Czechia,2022-3,9178.935483870917,1
Israel,2022-3,8857.15846774195,1
Denmark,2022-3,8843.162499999933,1
Finland,2022-3,7909.814516129023,1
Victoria,2022-3,7861.600806451598,1
Queensland,2022-3,6670.454838709671,1
Western Australia,2022-3,5951.618464961068,1
Ireland,2022-3,5218.862096774165,1
Lithuania,2022-3,4691.701612903221,1
Mexico,2022-3,4423.159274193488,1
Norway,2022-3,4395.881854838711,1
Argentina,2022-3,4382.190725806164,1
Latvia,2022-3,4380.745967741924,1
Ukraine,2022-3,4174.205645161222,1
Cyprus,2022-3,3579.0649193548297,1
Romania,2022-3,3535.7592741934764,1
South Australia,2022-3,3531.443951612903,1
Iran,2022-3,3082.06814516112,1
India,2022-3,2699.577822579907,1
Slovenia,2022-3,2482.972580645158,1
Jordan,2022-3,2174.795564516092,1
Brunei Darussalam,2022-3,2130.4395161290313,1
France,2022-3,88952.04556451573,2
United Kingdom,2022-3,75155.78709677409,2
Italy,2022-3,62202.01048387081,2
Netherlands,2022-3,50086.990322580474,2
Japan,2022-3,47785.99112903223,2
Russian Federation,2022-3,41019.183467741816,2
Austria,2022-3,40781.53024193542,2
Brazil,2022-3,37913.12782257995,2
United States of America,2022-3,31731.820564515558,2
South Korea,2022-3,347366.56411290314,3
South Korea,2022-4,121802.32947719656,0
Germany,2022-4,117782.4843159066,0
France,2022-4,99603.327697441,0
Spain,2022-4,11744.976418242115,1
Russian Federation,2022-4,10642.806451612549,1
Austria,2022-4,10060.033592880945,1
Portugal,2022-4,9384.873414905354,1
Victoria,2022-4,9032.91501668517,1
Greece,2022-4,8890.919466073372,1
New Zealand,2022-4,8577.202002224689,1
Malaysia,2022-4,7969.984872080041,1
Western Australia,2022-4,7744.931308155448,1
Queensland,2022-4,7306.859621801995,1
Belgium,2022-4,7256.434260289132,1
Netherlands,2022-4,5165.583982202247,1
Turkey,2022-4,5110.317463848476,1
South Australia,2022-4,4945.638264738591,1
Finland,2022-4,4840.533036707435,1
Israel,2022-4,4820.737486095549,1
Switzerland,2022-4,4340.547719688445,1
Ontario,2022-4,4239.996059113317,1
Czechia,2022-4,3325.7669950739873,1
Singapore,2022-4,3218.208898776389,1
Slovakia,2022-4,2710.954679803004,1
Chile,2022-4,2705.80889877632,1
Quebec,2022-4,2602.1096774193197,1
Mexico,2022-4,2399.5459399331703,1
Taiwan,2022-4,2381.7928809788655,1
South Africa,2022-4,2222.666518353676,1
Iran,2022-4,2010.7385984425662,1
Shanghai,2022-4,1988.5108374384233,1
Denmark,2022-4,1892.9214682980728,1
Ireland,2022-4,1778.5012235817069,1
Reunion,2022-4,1735.8295884315787,1
Hungary,2022-4,1692.711234705192,1
India,2022-4,1671.104115682612,1
Tasmania,2022-4,1487.0825361512782,1
Slovenia,2022-4,1336.081646273622,1
Cyprus,2022-4,1266.2193548387006,1
Romania,2022-4,1235.8938820911367,1
Hong Kong,2022-4,1229.5733036707136,1
Italy,2022-4,59763.750834260085,2
Japan,2022-4,44637.19666295867,2
United States of America,2022-4,42252.59466073289,2
Viet Nam,2022-4,32542.503670745024,3
United Kingdom,2022-4,28682.407563959856,3
Thailand,2022-4,20583.44382647382,3
China,2022-4,19556.056507230256,3
Brazil,2022-4,15911.235372635396,3
New South Wales,2022-4,14501.358398220209,3
Japan,2022-5,33821.635080645,0
Italy,2022-5,30771.343951612736,0
France,2022-5,27368.67141267983,0
South Korea,2022-5,27111.767338709502,0
Portugal,2022-5,22114.821774193453,0
Thailand,2022-5,6412.145939933131,1
Queensland,2022-5,6359.680645161277,1
South Africa,2022-5,5790.756451612802,1
Argentina,2022-5,4946.679838709549,1
Chile,2022-5,4804.7548387096085,1
Russian Federation,2022-5,4637.857258064138,1
Greece,2022-5,4152.339516129054,1
South Australia,2022-5,3792.7850945494915,1
Singapore,2022-5,3658.5802419354686,1
Austria,2022-5,3592.594354838666,1
Belgium,2022-5,3032.1411290322426,1
Panama,2022-5,2872.9826612903134,1
India,2022-5,2512.87419354796,1
Finland,2022-5,2274.230241935463,1
Viet Nam,2022-5,2205.5778225803847,1
Malaysia,2022-5,2060.949596774142,1
Israel,2022-5,2048.9564516128366,1
Ireland,2022-5,1761.2705645160966,1
China,2022-5,1654.396774193539,1
Switzerland,2022-5,1575.3092741935056,1
Costa Rica,2022-5,1489.1004032258068,1
Ontario,2022-5,1458.264919354816,1
Turkey,2022-5,1349.351612903186,1
Netherlands,2022-5,1177.700806451434,1
Mexico,2022-5,1042.0718576194424,1
Tasmania,2022-5,937.2834677419327,1
Australian Capital Territory,2022-5,912.4568548387092,1
Reunion,2022-5,822.8943548387081,1
Uruguay,2022-5,767.1862903225721,1
Quebec,2022-5,717.3818548387021,1
Hungary,2022-5,631.1032258064147,1
Denmark,2022-5,626.8197580644843,1
Bahrain,2022-5,572.0250000000023,1
Peru,2022-5,525.4694581281549,1
Czechia,2022-5,521.6404894326258,1
United States of America,2022-5,97841.16491935344,2
Taiwan,2022-5,67537.22620967742,2
Germany,2022-5,51128.49758064477,2
Brazil,2022-5,17683.80806451547,3
Spain,2022-5,14701.658870967587,3
Western Australia,2022-5,12546.936693548385,3
Victoria,2022-5,11448.656451612876,3
New South Wales,2022-5,9919.937499999922,3
United Kingdom,2022-5,8748.209121245161,3
New Zealand,2022-5,7573.647580645157,3
Germany,2022-6,61007.29744160129,0
Taiwan,2022-6,57090.171968854236,0
France,2022-6,49521.22561576412,0
Brazil,2022-6,42253.87719688495,0
Italy,2022-6,35053.48364849789,0
Austria,2022-6,5507.169966629519,1
New Zealand,2022-6,5498.720133481635,1
Western Australia,2022-6,5311.746607341492,1
Argentina,2022-6,4937.850723025226,1
Singapore,2022-6,4374.313459399306,1
Queensland,2022-6,3814.376195773053,1
Netherlands,2022-6,3227.0576195771378,1
Russian Federation,2022-6,3156.39933259144,1
Switzerland,2022-6,2843.267853170143,1
Belgium,2022-6,2762.594215795222,1
South Australia,2022-6,2523.562180200214,1
Thailand,2022-6,2269.7692992213206,1
Colombia,2022-6,1994.960400444811,1
Ukraine,2022-6,1991.8142380421355,1
Malaysia,2022-6,1985.9506117906815,1
Panama,2022-6,1961.4941045605985,1
Morocco,2022-6,1607.6006674082073,1
Guatemala,2022-6,1543.2992213570399,1
Peru,2022-6,1487.968186874216,1
Bahrain,2022-6,1403.7363737485991,1
Finland,2022-6,1390.326140155703,1
United Arab Emirates,2022-6,1320.3406006673947,1
Uruguay,2022-6,1229.3692992213328,1
Denmark,2022-6,1154.105228031083,1
South Africa,2022-6,1129.9492769743895,1
Indonesia,2022-6,1122.6413793102952,1
Ireland,2022-6,1097.3664071189955,1
Hong Kong,2022-6,1091.6046718576033,1
Turkey,2022-6,1082.6046718572507,1
Martinique,2022-6,1049.8867630700736,1
Ecuador,2022-6,1019.3857619577168,1
Saudi Arabia,2022-6,936.1686318131088,1
United States of America,2022-6,103792.06451612724,2
Portugal,2022-6,15717.855617352536,3
Japan,2022-6,14894.437597330194,3
United Kingdom,2022-6,14144.472969966124,3
Spain,2022-6,13187.694104560362,3
India,2022-6,10646.81001112202,3
Chile,2022-6,9885.221802002108,3
Mexico,2022-6,7922.4075639598705,3
South Korea,2022-6,7843.019799777397,3
New South Wales,2022-6,7388.147052280286,3
Israel,2022-6,7264.499666295787,3
Greece,2022-6,7101.767519465956,3
Victoria,2022-6,6644.372858731871,3
United States of America,2022-7,126466.66209677403,0
Japan,2022-7,112593.46612903211,0
Spain,2022-7,15717.659399332439,1
New South Wales,2022-7,12493.60927419353,1
Austria,2022-7,11058.595161290312,1
Victoria,2022-7,10634.405241935468,1
Peru,2022-7,10130.414112903196,1
New Zealand,2022-7,9193.605645161268,1
Singapore,2022-7,9026.341129032251,1
Chile,2022-7,7677.909274193462,1
Israel,2022-7,7470.967338709627,1
Queensland,2022-7,7288.111693548351,1
Switzerland,2022-7,6974.596370967699,1
Belgium,2022-7,6097.4826612902225,1
Portugal,2022-7,5802.403225806308,1
Argentina,2022-7,5374.85322580629,1
Western Australia,2022-7,5353.0818548387015,1
Iran,2022-7,5200.214112903101,1
Netherlands,2022-7,5108.645161290127,1
Russian Federation,2022-7,5092.977822580729,1
Romania,2022-7,4921.05362903223,1
Costa Rica,2022-7,4883.814919354818,1
Guatemala,2022-7,4580.1072580645,1
South Australia,2022-7,4161.494994438254,1
Indonesia,2022-7,3944.735887096678,1
Bolivia,2022-7,3893.3189516128864,1
Malaysia,2022-7,3840.3673387096424,1
Hong Kong,2022-7,3550.9955645160976,1
Colombia,2022-7,3344.7112903225097,1
Iraq,2022-7,3254.696774193506,1
Serbia,2022-7,3029.1471774193374,1
Tunisia,2022-7,3015.6814516128998,1
Czechia,2022-7,2373.6471774192796,1
Philippines,2022-7,2323.5471774192897,1
Thailand,2022-7,2247.187499999971,1
Lebanon,2022-7,2130.5427419354523,1
Quebec,2022-7,2095.9282258064245,1
Denmark,2022-7,2039.3516129031782,1
Ecuador,2022-7,1915.5766129032065,1
South Korea,2022-7,49454.45362903199,2
Brazil,2022-7,49031.10483870905,2
Taiwan,2022-7,25832.820161290285,2
Greece,2022-7,24839.416532258045,2
Mexico,2022-7,24254.975806451504,2
Turkey,2022-7,22951.625806451408,2
United Kingdom,2022-7,21258.8064516125,2
India,2022-7,18607.70282258025,2
Germany,2022-7,90813.44879032265,3
France,2022-7,90141.17862903146,3
Italy,2022-7,84903.10080645143,3
Viet Nam,2022-8,13388.492741935375,0
India,2022-8,12743.257661289967,0
Greece,2022-8,11190.134274193457,0
Chile,2022-8,9055.132258064466,0
Mexico,2022-8,8042.940725806401,0
New South Wales,2022-8,7309.237903225756,0
Peru,2022-8,6603.431451612815,0
United Kingdom,2022-8,6021.540322580277,0
Hong Kong,2022-8,5884.561693548379,0
Austria,2022-8,5414.60362903217,0
Serbia,2022-8,5210.418548387047,0
Indonesia,2022-8,4900.590322580565,0
Romania,2022-8,4765.402822580616,0
Iran,2022-8,4292.661290322462,0
Argentina,2022-8,4274.482661290079,0
Victoria,2022-8,4230.735038932069,0
Singapore,2022-8,3864.652419354815,0
New Zealand,2022-8,3763.378225806442,0
Poland,2022-8,3488.393951612796,0
Philippines,2022-8,3479.1403225805893,0
Spain,2022-8,3430.161290322443,0
Malaysia,2022-8,3313.787903225758,0
Switzerland,2022-8,2690.412903225766,0
Queensland,2022-8,2568.160622914291,0
Finland,2022-8,2512.7092741935435,0
Czechia,2022-8,2461.2520161289344,0
Hungary,2022-8,2383.7020161290097,0
Portugal,2022-8,2362.2919354837522,0
Belgium,2022-8,2012.1911290322555,0
Thailand,2022-8,1950.6862903225913,0
Guatemala,2022-8,1944.6189516128957,0
Bolivia,2022-8,1909.1564516129044,0
Western Australia,2022-8,1890.293548387073,0
Georgia,2022-8,1695.5665322580674,0
Costa Rica,2022-8,1675.0749999999866,0
Netherlands,2022-8,1511.865322580519,0
Ontario,2022-8,1488.9096774193233,0
Israel,2022-8,1487.3173387095806,0
Slovenia,2022-8,1374.3637096774062,0
China,2022-8,1362.7310483870865,0
Japan,2022-8,203899.8741935483,1
South Korea,2022-8,117477.80564516077,2
United States of America,2022-8,97722.7020161288,2
Germany,2022-8,40230.24193548336,3
Russian Federation,2022-8,30508.013306451245,3
Turkey,2022-8,28750.966532257968,3
Italy,2022-8,24894.27822580625,3
Taiwan,2022-8,22757.91209677416,3
France,2022-8,19091.676209677138,3
Brazil,2022-8,17973.881854838313,3
Japan,2022-9,73913.60177975484,0
United States of America,2022-9,60013.51190210935,0
Brazil,2022-9,8337.929556651492,1
Hong Kong,2022-9,7464.167964404844,1
Austria,2022-9,5619.568472906465,1
Greece,2022-9,5531.14193548369,1
India,2022-9,5165.054505004438,1
United Kingdom,2022-9,4881.377975527706,1
Turkey,2022-9,4585.664516128448,1
Ukraine,2022-9,4173.642491657263,1
Poland,2022-9,4078.134149054336,1
Chile,2022-9,3504.8992213569722,1
Czechia,2022-9,3141.5704115682665,1
Serbia,2022-9,2582.066073414892,1
Spain,2022-9,2510.2894327026424,1
Portugal,2022-9,2429.9354838708055,1
Viet Nam,2022-9,2406.1187986647333,1
Indonesia,2022-9,2326.0266963290123,1
Singapore,2022-9,2227.4436040044434,1
Philippines,2022-9,2201.98020022232,1
Switzerland,2022-9,2096.889877641736,1
New South Wales,2022-9,2094.1292547274265,1
Mexico,2022-9,2023.5906403941951,1
Slovakia,2022-9,2010.6849833147112,1
Georgia,2022-9,2010.496329254708,1
Slovenia,2022-9,1929.3056729699263,1
Belgium,2022-9,1927.5690767518302,1
Malaysia,2022-9,1907.659176863057,1
Hungary,2022-9,1652.9628476084176,1
Romania,2022-9,1627.2983314793528,1
Victoria,2022-9,1602.1600985222005,1
Netherlands,2022-9,1302.5018909897708,1
Peru,2022-9,1224.475417129974,1
Ontario,2022-9,1165.4698553948624,1
New Zealand,2022-9,1144.9592880978616,1
Lithuania,2022-9,1120.8226918798407,1
Latvia,2022-9,1073.73036707451,1
Costa Rica,2022-9,1065.440711902078,1
Argentina,2022-9,1008.453615127584,1
Israel,2022-9,995.3579532813876,1
Queensland,2022-9,955.758398220202,1
Finland,2022-9,937.4642936596067,1
Thailand,2022-9,867.829365962088,1
China,2022-9,858.2665183537113,1
Russian Federation,2022-9,49561.22847608401,2
South Korea,2022-9,46770.22113459339,2
Taiwan,2022-9,38888.045161290225,2
Germany,2022-9,35678.23248053311,2
France,2022-9,27556.85228031103,3
Italy,2022-9,18477.15127919839,3
United States of America,2023-1,51884.38427419258,0
Hong Kong,2023-1,6853.783064516074,1
France,2023-1,5757.509274192635,1
Russian Federation,2023-1,4850.838709677132,1
Mexico,2023-1,4415.239516128909,1
United Kingdom,2023-1,4314.327419354567,1
Argentina,2023-1,3294.263709677215,1
Chile,2023-1,2652.183064516017,1
New Zealand,2023-1,2651.879032258047,1
Austria,2023-1,2282.2572580644214,1
Spain,2023-1,1773.6415322579314,1
New South Wales,2023-1,1703.6810483870113,1
Queensland,2023-1,1196.566532258049,1
Western Australia,2023-1,888.7733870967295,1
Bolivia,2023-1,844.1209677419187,1
Serbia,2023-1,835.1599555060552,1
Victoria,2023-1,832.0201970443786,1
Guatemala,2023-1,815.9173387096652,1
Peru,2023-1,814.6576354680825,1
Ontario,2023-1,797.1225806451572,1
Israel,2023-1,702.9637096773098,1
Belgium,2023-1,687.0298387095733,1
Costa Rica,2023-1,667.5572580644834,1
Finland,2023-1,599.7374999999882,1
Sweden,2023-1,598.3274193548218,1
Quebec,2023-1,581.059274193542,1
Uruguay,2023-1,534.3576612903227,1
Colombia,2023-1,532.2161290321394,1
Paraguay,2023-1,511.35483870967084,1
Ukraine,2023-1,496.18548387095586,1
Romania,2023-1,488.9891129031429,1
Ecuador,2023-1,480.6048387096768,1
Singapore,2023-1,443.48427419352294,1
Slovenia,2023-1,435.9919354838485,1
Cyprus,2023-1,421.7177419354787,1
Netherlands,2023-1,413.0294354836772,1
South Australia,2023-1,404.02379032256766,1
Kazakhstan,2023-1,385.5540322580439,1
Guangdong,2023-1,377.9778225806428,1
Ireland,2023-1,377.0685483870679,1
Denmark,2023-1,339.77338709671517,1
Poland,2023-1,333.822580645053,1
Indonesia,2023-1,320.8955645160141,1
Malaysia,2023-1,312.14677419346924,1
Japan,2023-1,112257.4814516125,2
South Korea,2023-1,32829.0689516121,3
Taiwan,2023-1,21085.554032257973,3
Brazil,2023-1,16003.020161289496,3
Germany,2023-1,11653.82217741912,3
Italy,2023-1,10813.270967741908,3
Austria,2023-2,4937.782051281895,0
Italy,2023-2,4351.305145046773,0
United Kingdom,2023-2,3515.573344280331,0
France,2023-2,3352.223590586412,0
Mexico,2023-2,2913.335249042323,0
Chile,2023-2,1634.8691844554457,0
Poland,2023-2,1456.4745484402024,0
New Zealand,2023-2,1296.9411603722094,0
Spain,2023-2,1123.4069512864532,0
Belgium,2023-2,995.4570333882061,0
New South Wales,2023-2,886.7082649151675,0
Serbia,2023-2,765.5897646415567,0
Czechia,2023-2,755.8653530377898,0
Ontario,2023-2,602.392720306513,0
Costa Rica,2023-2,556.1395730706162,0
Ukraine,2023-2,541.5985221675685,0
Romania,2023-2,523.4819376027053,0
Queensland,2023-2,504.7999452654825,0
Quebec,2023-2,498.3962780514743,0
Netherlands,2023-2,485.8158182815866,0
Israel,2023-2,451.4726327313423,0
Victoria,2023-2,450.3162393162059,0
Georgia,2023-2,446.5084838533193,0
Western Australia,2023-2,303.6535303776883,0
Guatemala,2023-2,301.2569786535512,0
Lithuania,2023-2,289.3396278051689,0
Bahrain,2023-2,262.3409961685965,0
Argentina,2023-2,261.94581280801225,0
South Africa,2023-2,259.89600437885827,0
Ecuador,2023-2,254.8661740558408,0
South Australia,2023-2,232.28762999453048,0
Slovenia,2023-2,231.79748221127173,0
Cyprus,2023-2,229.26956759716546,0
Republic of Moldova,2023-2,228.19102353585518,0
Malaysia,2023-2,213.6313628900531,0
Indonesia,2023-2,211.75478927210833,0
Singapore,2023-2,207.0634920635216,0
Slovakia,2023-2,166.89545703339834,0
Bolivia,2023-2,159.81116584565837,0
Peru,2023-2,152.24358974354683,0
Switzerland,2023-2,150.36152162019783,0
Sweden,2023-2,143.44991789822387,0
Iran,2023-2,138.57909140682517,0
United States of America,2023-2,36506.086754244076,1
Germany,2023-2,13600.424466338585,2
Russian Federation,2023-2,12072.168856048384,2
South Korea,2023-2,11466.834428024364,2
Brazil,2023-2,8003.203907202707,2
Japan,2023-2,22119.76327312602,3
Taiwan,2023-2,15670.912698412814,3
New Zealand,2023-3,1906.499999999983,0
Brazil,2023-3,1614.285714288827,0
Belgium,2023-3,1447.3333333335613,0
Ukraine,2023-3,1256.6333333334833,0
New South Wales,2023-3,1001.5333333335698,0
Romania,2023-3,950.6666666667805,0
Serbia,2023-3,878.0000000000317,0
Czechia,2023-3,845.8666666668323,0
Spain,2023-3,827.5166666672134,0
Costa Rica,2023-3,648.7833333333862,0
Singapore,2023-3,516.3666666668083,0
Netherlands,2023-3,510.7333333339587,0
Ontario,2023-3,506.900000000005,0
Israel,2023-3,442.950000000273,0
Iran,2023-3,442.48333333367435,0
Republic of Moldova,2023-3,430.5000000000514,0
Quebec,2023-3,424.38333333333077,0
Victoria,2023-3,419.79999999999666,0
South Africa,2023-3,377.43333333352723,0
Bahrain,2023-3,355.1500000000078,0
Slovenia,2023-3,353.71666666666124,0
India,2023-3,320.05000000313606,0
Lithuania,2023-3,286.46666666667835,0
Portugal,2023-3,278.71666666670615,0
Slovakia,2023-3,241.51666666675217,0
Queensland,2023-3,240.20000000007693,0
Indonesia,2023-3,228.01666666738544,0
South Australia,2023-3,227.53333333339344,0
Georgia,2023-3,226.21666666670808,0
Switzerland,2023-3,220.79999999996545,0
Malaysia,2023-3,204.1500000003001,0
Cyprus,2023-3,185.73333333334529,0
Peru,2023-3,163.63095238100476,0
Guatemala,2023-3,161.63333333339352,0
Western Australia,2023-3,158.93333333337193,0
Argentina,2023-3,138.66666666728332,0
United Arab Emirates,2023-3,134.33333333337646,0
Philippines,2023-3,125.55000000016602,0
United States of America,2023-3,33848.11904762142,1
Russian Federation,2023-3,12584.466666667458,2
South Korea,2023-3,10270.016666667143,2
Japan,2023-3,9582.700000001461,2
Germany,2023-3,6565.4166666678875,3
Austria,2023-3,4972.283333333389,3
France,2023-3,4167.616666668152,3
United Kingdom,2023-3,3677.2666666681685,3
Italy,2023-3,3110.100000000339,3
Mexico,2023-3,3081.7333333334414,3
Chile,2023-3,2755.1666666669726,3
Poland,2023-3,2608.033333333426,3
