State/Region,Year,Month,Trendline_Coefficient
Hubei,2020,1,709.8666666666664
Zhejiang,2020,1,62.266666666666644
Guangdong,2020,1,50.216666666666654
Henan,2020,1,43.79999999999998
Hunan,2020,1,41.34999999999998
Anhui,2020,1,28.983333333333327
Jiangxi,2020,1,26.983333333333327
Chongqing,2020,1,25.166666666666657
Shandong,2020,1,23.26666666666666
Sichuan,2020,1,21.049999999999994
Jiangsu,2020,1,20.183333333333326
Fujian,2020,1,15.166666666666664
Shanghai,2020,1,15.066666666666665
Beijing,2020,1,14.416666666666666
Yunnan,2020,1,10.583333333333329
Shaanxi,2020,1,10.266666666666664
Hebei,2020,1,10.216666666666661
Guangxi,2020,1,9.633333333333331
Heilongjiang,2020,1,7.066666666666665
Hainan,2020,1,6.133333333333332
Liaoning,2020,1,5.799999999999998
Shanxi,2020,1,5.233333333333332
Gansu,2020,1,3.866666666666666
Tianjin,2020,1,3.7499999999999996
Inner Mongolia,2020,1,2.666666666666666
Ningxia,2020,1,2.499999999999999
Guizhou,2020,1,2.416666666666666
Xinjiang,2020,1,2.0333333333333328
Thailand,2020,1,1.8166666666666664
Jilin,2020,1,1.6499999999999997
Japan,2020,1,1.5333333333333328
Singapore,2020,1,1.333333333333333
Hong Kong,2020,1,1.2333333333333332
Qinghai,2020,1,1.183333333333333
Taiwan,2020,1,1.133333333333333
Malaysia,2020,1,1.0333333333333332
South Korea,2020,1,0.8499999999999999
United States of America,2020,1,0.7999999999999998
Macau,2020,1,0.7833333333333332
Germany,2020,1,0.7333333333333331
New South Wales,2020,1,0.6166666666666665
United Arab Emirates,2020,1,0.5999999999999999
France,2020,1,0.5666666666666668
Victoria,2020,1,0.33333333333333326
Queensland,2020,1,0.3095238095238094
British Columbia,2020,1,0.16666666666666663
Cambodia,2020,1,0.1666666666666666
Sri Lanka,2020,1,0.1666666666666666
Finland,2020,1,0.14999999999999997
Italy,2020,1,0.13333333333333328
Hubei,2020,2,2305.4536945812806
South Korea,2020,2,66.33842364532016
Henan,2020,2,26.769950738916283
Guangdong,2020,2,24.30837438423647
Italy,2020,2,23.178817733990137
Anhui,2020,2,22.7857142857143
Jiangxi,2020,2,20.726600985221687
Shandong,2020,2,20.645812807881775
Hunan,2020,2,19.055172413793127
Zhejiang,2020,2,17.29655172413794
Jiangsu,2020,2,14.72660098522168
Heilongjiang,2020,2,14.37536945812808
Sichuan,2020,2,11.609359605911338
Chongqing,2020,2,10.027586206896563
Iran,2020,2,9.849753694581276
Hebei,2020,2,8.383743842364533
Japan,2020,2,7.920689655172412
Beijing,2020,2,7.671428571428574
Shanghai,2020,2,5.105911330049267
Guangxi,2020,2,5.048768472906409
Fujian,2020,2,4.701970443349758
Shaanxi,2020,2,4.464532019704439
Guizhou,2020,2,4.055172413793105
Hainan,2020,2,3.6556650246305455
Tianjin,2020,2,3.2733990147783265
Singapore,2020,2,3.2536945812807883
Hong Kong,2020,2,3.0650246305418714
Yunnan,2020,2,2.5359605911330054
Shanxi,2020,2,2.3384236453201996
Jilin,2020,2,2.23497536945813
Xinjiang,2020,2,2.2108374384236464
Inner Mongolia,2020,2,1.7640394088669957
Ningxia,2020,2,1.7600985221674885
Liaoning,2020,2,1.7389162561576372
United Kingdom,2020,2,1.5108374384236452
Gansu,2020,2,1.4724137931034496
France,2020,2,1.3325123152709355
Kuwait,2020,2,1.0522167487684724
Bahrain,2020,2,1.0049261083743837
Taiwan,2020,2,0.8955665024630541
Germany,2020,2,0.8773399014778323
Spain,2020,2,0.686206896551724
Thailand,2020,2,0.6837438423645325
Malaysia,2020,2,0.5842364532019707
Ontario,2020,2,0.4546798029556649
United Arab Emirates,2020,2,0.43793103448275855
Viet Nam,2020,2,0.34088669950738937
United States of America,2020,2,0.3295566502463055
Switzerland,2020,2,0.23300492610837426
British Columbia,2020,2,0.22463054187192116
United States of America,2020,3,5020.045967741937
Italy,2020,3,3694.8673387096787
Spain,2020,3,2934.499193548387
Germany,2020,3,1898.1681451612908
France,2020,3,1498.137903225807
Iran,2020,3,1328.164919354839
United Kingdom,2020,3,1093.835483870968
Switzerland,2020,3,573.1653225806454
Netherlands,2020,3,429.58548387096783
Belgium,2020,3,360.34919354838723
Turkey,2020,3,291.4165322580646
Austria,2020,3,288.17943548387103
Portugal,2020,3,203.5012096774194
Israel,2020,3,161.57575083426033
Norway,2020,3,161.11411290322584
South Korea,2020,3,158.69435483870967
Brazil,2020,3,158.11532258064523
Sweden,2020,3,148.03629032258067
Quebec,2020,3,124.05725806451616
Czechia,2020,3,102.39596774193551
Ontario,2020,3,97.15
Ireland,2020,3,96.3036290322581
Malaysia,2020,3,94.94072580645162
Denmark,2020,3,92.67137096774195
Chile,2020,3,79.14798387096776
Luxembourg,2020,3,71.77258064516131
Ecuador,2020,3,70.10080645161294
Pakistan,2020,3,68.62217741935486
Poland,2020,3,66.67540322580645
New South Wales,2020,3,62.68911290322581
Romania,2020,3,61.5358870967742
Finland,2020,3,57.15604838709679
Japan,2020,3,56.34677419354839
Russian Federation,2020,3,53.63750000000001
Thailand,2020,3,50.193951612903234
Saudi Arabia,2020,3,49.16411290322583
Philippines,2020,3,47.48709677419356
Indonesia,2020,3,47.337096774193554
South Africa,2020,3,44.1358870967742
Greece,2020,3,40.24112903225807
India,2020,3,39.03548387096775
Iceland,2020,3,38.35766129032259
British Columbia,2020,3,34.02016129032259
Mexico,2020,3,34.009677419354844
Panama,2020,3,31.681451612903228
Peru,2020,3,31.01370967741936
Dominican Republic,2020,3,28.216935483870976
Slovenia,2020,3,28.141129032258075
Argentina,2020,3,27.446774193548393
Singapore,2020,3,27.41693548387097
United States of America,2020,4,29337.754393770858
France,2020,4,5793.360683760684
United Kingdom,2020,4,4599.967964404893
Spain,2020,4,3948.7876847290663
Turkey,2020,4,3879.824471635151
Russian Federation,2020,4,3593.376863181313
Italy,2020,4,3286.4787541713
Germany,2020,4,3037.158398220243
Brazil,2020,4,2528.1263626251393
Iran,2020,4,1562.240044493881
Belgium,2020,4,1240.7859844271409
Peru,2020,4,1176.8022246941048
India,2020,4,1138.8269187986655
Netherlands,2020,4,910.672969966629
Quebec,2020,4,838.5655172413793
Ecuador,2020,4,789.355061179088
Saudi Arabia,2020,4,722.6424916573972
Ireland,2020,4,658.3844271412681
Mexico,2020,4,592.6140155728588
Portugal,2020,4,586.0031145717462
Singapore,2020,4,571.0302558398222
Sweden,2020,4,556.4560622914349
Ontario,2020,4,509.85583982202456
Pakistan,2020,4,506.9288097886541
Chile,2020,4,485.43515016685205
Belarus,2020,4,470.44805339265866
Japan,2020,4,443.8714126807564
Qatar,2020,4,414.27474972191334
United Arab Emirates,2020,4,404.1045606229144
Switzerland,2020,4,380.15216907675153
Poland,2020,4,357.2329254727475
Ukraine,2020,4,343.6918798665184
Romania,2020,4,341.7101223581758
Israel,2020,4,323.6671857619576
Indonesia,2020,4,306.55773081201335
Serbia,2020,4,291.80177975528363
Bangladesh,2020,4,259.90322580645164
Dominican Republic,2020,4,207.427808676307
Philippines,2020,4,205.59377085650726
Denmark,2020,4,198.67808676306998
Panama,2020,4,185.23092324805336
Colombia,2020,4,181.83270300333703
Austria,2020,4,168.24582869855374
Egypt,2020,4,160.4364849833148
Alberta,2020,4,156.51034482758624
Morocco,2020,4,141.6932146829811
South Africa,2020,4,141.6
Czechia,2020,4,134.08743047830916
Republic of Moldova,2020,4,119.73592880978865
Kuwait,2020,4,118.9276974416018
United States of America,2020,5,22384.81975806451
Brazil,2020,5,14004.975806451612
Russian Federation,2020,5,9745.42016129032
India,2020,5,4987.167741935485
Peru,2020,5,3910.4645161290314
Chile,2020,5,3356.7201612903223
United Kingdom,2020,5,2501.784274193548
Mexico,2020,5,2336.704435483871
Saudi Arabia,2020,5,2168.4834677419353
Iran,2020,5,1897.687499999999
Pakistan,2020,5,1738.965322580645
Qatar,2020,5,1450.848387096774
Turkey,2020,5,1372.2826612903207
Bangladesh,2020,5,1276.1697580645161
Belarus,2020,5,931.4903225806452
South Africa,2020,5,859.8354838709678
Spain,2020,5,828.2177975528309
Italy,2020,5,822.3903225806453
Kuwait,2020,5,804.2298387096774
United Arab Emirates,2020,5,749.2899193548387
Colombia,2020,5,720.8358870967742
Germany,2020,5,692.4169354838666
Quebec,2020,5,687.0314516129031
Singapore,2020,5,602.7822580645163
France,2020,5,589.3975528364829
Egypt,2020,5,586.9814516129032
Sweden,2020,5,562.6322580645161
Indonesia,2020,5,542.0125000000002
Afghanistan,2020,5,435.67258064516136
Ecuador,2020,5,428.2783251231533
Ukraine,2020,5,420.4479838709677
Argentina,2020,5,404.15241935483874
Poland,2020,5,364.8512096774194
Ontario,2020,5,349.1032258064511
Dominican Republic,2020,5,329.0475806451612
Belgium,2020,5,313.96411290322567
Oman,2020,5,278.61169354838717
Bahrain,2020,5,274.83427419354837
Bolivia,2020,5,273.3649193548387
Philippines,2020,5,266.0270161290322
Nigeria,2020,5,258.2258064516129
Portugal,2020,5,242.24916573971043
Armenia,2020,5,234.8266129032258
Kazakhstan,2020,5,232.54274193548383
Romania,2020,5,217.66774193548375
Netherlands,2020,5,204.4669354838713
Panama,2020,5,199.0943548387096
Ghana,2020,5,195.34274193548387
Algeria,2020,5,180.23790322580646
Sudan,2020,5,151.63467741935486
Brazil,2020,6,31367.05960591133
United States of America,2020,6,27598.489432702954
India,2020,6,13068.367296996661
Russian Federation,2020,6,8101.581535038919
Chile,2020,6,5334.238264738596
Pakistan,2020,6,4998.264516129031
Mexico,2020,6,4632.331924360399
Peru,2020,6,4013.9003337041113
South Africa,2020,6,3919.4796440489426
Saudi Arabia,2020,6,3735.5417130144583
Bangladesh,2020,6,3333.1239154616237
Iran,2020,6,2463.0909899888716
Colombia,2020,6,2297.8705228031145
Argentina,2020,6,1611.1434927697444
Egypt,2020,6,1480.789988876529
Iraq,2020,6,1463.3850945494999
Qatar,2020,6,1291.8867630700756
Turkey,2020,6,1247.0522803114534
Indonesia,2020,6,1034.835817575083
Sweden,2020,6,1018.4832035595094
Oman,2020,6,978.3868743047827
United Kingdom,2020,6,910.8211345939891
Bolivia,2020,6,796.8565072302557
Ukraine,2020,6,729.5581757508337
Panama,2020,6,688.8649610678527
Belarus,2020,6,657.3472747497212
Philippines,2020,6,628.1448275862064
Kuwait,2020,6,611.9301446051162
Ecuador,2020,6,569.5223581757498
Afghanistan,2020,6,553.8680756395993
Armenia,2020,6,547.3248053392659
Nigeria,2020,6,542.5239154616239
Dominican Republic,2020,6,523.3228031145715
Bahrain,2020,6,515.9537263626247
Honduras,2020,6,488.7886540600668
Guatemala,2020,6,448.37575083426026
United Arab Emirates,2020,6,446.1043381535023
Germany,2020,6,439.16373748609124
Nepal,2020,6,418.10278086763066
Azerbaijan,2020,6,402.4109010011122
Kazakhstan,2020,6,378.66852057842016
Poland,2020,6,367.06963292547175
France,2020,6,338.7301587301542
Spain,2020,6,335.01312569520934
Portugal,2020,6,327.50789766407013
Ghana,2020,6,327.35461624026675
Republic of Moldova,2020,6,304.9928809788653
Singapore,2020,6,282.93859844271304
Italy,2020,6,269.24482758621235
Romania,2020,6,264.4022246941044
United States of America,2020,7,62809.59677419352
Brazil,2020,7,38972.062096774185
India,2020,7,35820.729838709674
South Africa,2020,7,11546.60685483871
Colombia,2020,7,6455.109274193548
Mexico,2020,7,6350.620967741935
Russian Federation,2020,7,6195.764919354825
Argentina,2020,7,4096.895967741935
Peru,2020,7,3904.7407258064495
Bangladesh,2020,7,2915.6225806451603
Saudi Arabia,2020,7,2699.2633064516067
Iran,2020,7,2429.14153225806
Chile,2020,7,2406.512096774188
Iraq,2020,7,2379.464919354838
Pakistan,2020,7,1992.8540322580602
Philippines,2020,7,1741.480241935483
Indonesia,2020,7,1674.5060483870961
Kazakhstan,2020,7,1658.2560483870968
Israel,2020,7,1558.4306451612902
Bolivia,2020,7,1446.3040322580646
Oman,2020,7,1366.7044354838708
Spain,2020,7,1227.4475806451535
Dominican Republic,2020,7,1207.6669354838702
Kyrgyzstan,2020,7,1186.9564516129033
Guatemala,2020,7,1047.2133064516127
Panama,2020,7,1043.7044354838704
Turkey,2020,7,973.9229838709657
Ecuador,2020,7,902.533064516129
Ukraine,2020,7,817.6306451612895
Egypt,2020,7,796.3862903225792
Romania,2020,7,771.6008064516125
Honduras,2020,7,731.0834677419354
United Kingdom,2020,7,666.8891129032233
Kuwait,2020,7,660.2903225806452
Ghana,2020,7,579.6282258064512
Nigeria,2020,7,565.2133064516125
France,2020,7,558.9733870967708
Algeria,2020,7,545.3237903225807
Japan,2020,7,545.062903225806
Uzbekistan,2020,7,509.53024193548384
Costa Rica,2020,7,482.35967741935485
Kenya,2020,7,464.26653225806444
Bahrain,2020,7,461.671370967742
Azerbaijan,2020,7,461.3463709677416
Qatar,2020,7,446.77983870967506
Germany,2020,7,435.8423387096746
Armenia,2020,7,411.9681451612903
Venezuela (Bolivarian Republic),2020,7,403.65806451612906
Ethiopia,2020,7,385.8782258064515
Serbia,2020,7,359.38306451612897
India,2020,8,64459.72096774192
United States of America,2020,8,48536.55443548377
Brazil,2020,8,40652.78427419356
Colombia,2020,8,10613.630645161285
Peru,2020,8,7699.903629032254
Argentina,2020,8,7228.542338709677
Mexico,2020,8,5599.909274193544
Spain,2020,8,5570.736693548379
Russian Federation,2020,8,4920.631854838699
Philippines,2020,8,4113.687903225804
South Africa,2020,8,3971.6745967741876
Iraq,2020,8,3716.577822580642
France,2020,8,2907.517741935483
Bangladesh,2020,8,2567.4354838709637
Iran,2020,8,2290.802822580642
Indonesia,2020,8,2110.4810483870965
Chile,2020,8,1785.0774193548323
Ukraine,2020,8,1724.859274193547
Israel,2020,8,1465.6487903225798
Saudi Arabia,2020,8,1309.7391129032228
Morocco,2020,8,1302.2737903225805
Bolivia,2020,8,1292.4435483870952
Turkey,2020,8,1268.9786290322572
Romania,2020,8,1200.172580645161
Ethiopia,2020,8,1191.06814516129
Kazakhstan,2020,8,1188.5423387096748
Germany,2020,8,1157.8205645161288
United Kingdom,2020,8,1054.4705645161232
Japan,2020,8,1029.279838709677
Ecuador,2020,8,976.9036290322568
Venezuela (Bolivarian Republic),2020,8,938.1508064516128
Panama,2020,8,878.9798387096765
Guatemala,2020,8,818.1919354838699
Dominican Republic,2020,8,794.8379032258067
Costa Rica,2020,8,760.2399193548385
Poland,2020,8,713.3858870967745
Italy,2020,8,684.9762096774155
Nepal,2020,8,642.4616935483866
Kuwait,2020,8,606.8858870967734
Pakistan,2020,8,598.2157258064483
Uzbekistan,2020,8,580.6516129032258
Honduras,2020,8,579.2249999999992
Netherlands,2020,8,549.3407258064506
Belgium,2020,8,546.4471774193535
Algeria,2020,8,451.4903225806447
Lebanon,2020,8,430.8959677419356
Kenya,2020,8,428.3754032258061
Paraguay,2020,8,421.54193548387104
Republic of Moldova,2020,8,410.8241935483871
Nigeria,2020,8,374.96532258064457
India,2020,9,89010.36974416014
United States of America,2020,9,39957.33726362602
Brazil,2020,9,29042.13125695208
Argentina,2020,9,10993.115016685195
Spain,2020,9,10294.374638487201
France,2020,9,9445.16952169076
Colombia,2020,9,7040.099888765288
Russian Federation,2020,9,5839.547497219107
Peru,2020,9,5664.052947719667
Mexico,2020,9,4630.32035595104
Israel,2020,9,4486.315906562847
Iraq,2020,9,4252.014905450499
United Kingdom,2020,9,3948.1161290322475
Indonesia,2020,9,3796.5599555061162
Philippines,2020,9,3209.7541713014393
Ukraine,2020,9,3030.6989988876508
Iran,2020,9,2772.913236929915
Morocco,2020,9,2103.2360400444923
Netherlands,2020,9,1760.8100111234687
Chile,2020,9,1697.3210233592754
Bangladesh,2020,9,1644.876751946599
Turkey,2020,9,1641.5706340378135
Czechia,2020,9,1637.5552836484978
Germany,2020,9,1584.042714126801
South Africa,2020,9,1576.5056729699509
Italy,2020,9,1521.8591768631786
Romania,2020,9,1311.0496106785292
Nepal,2020,9,1288.4823136818682
Costa Rica,2020,9,1178.8300333704115
Belgium,2020,9,1165.9575083426007
Venezuela (Bolivarian Republic),2020,9,938.0685205784195
Ecuador,2020,9,884.58669950739
United Arab Emirates,2020,9,807.7047830923226
Paraguay,2020,9,774.8253615127916
Poland,2020,9,755.8373748609545
Ethiopia,2020,9,727.2522803114551
Lebanon,2020,9,726.3439377085646
Hungary,2020,9,718.0442714126808
Libya,2020,9,696.5937708565067
Kuwait,2020,9,669.7715239154596
Bahrain,2020,9,661.6914349276966
Panama,2020,9,653.1061179087841
Bolivia,2020,9,627.9508342602869
Austria,2020,9,615.1819799777527
Saudi Arabia,2020,9,612.8153503893128
Portugal,2020,9,611.2709677419336
Dominican Republic,2020,9,608.9143492769715
Palestine,2020,9,605.0313681868741
Pakistan,2020,9,569.7677419354736
Guatemala,2020,9,568.1098998887636
United States of America,2020,10,61510.411693548456
India,2020,10,59414.12096774181
France,2020,10,25606.437499999993
Brazil,2020,10,22475.824193548284
United Kingdom,2020,10,18402.678225806456
Russian Federation,2020,10,14381.529838709675
Argentina,2020,10,13738.219758064495
Spain,2020,10,13656.984274193537
Italy,2020,10,11104.1689516129
Belgium,2020,10,10053.90766129032
Czechia,2020,10,8908.300806451613
Poland,2020,10,8407.844758064517
Netherlands,2020,10,7924.42620967742
Colombia,2020,10,7771.264919354825
Germany,2020,10,6984.745161290321
Ukraine,2020,10,5935.556854838705
Mexico,2020,10,5585.902419354818
Iran,2020,10,4865.004435483862
Indonesia,2020,10,4029.055645161286
Romania,2020,10,3676.822177419353
Iraq,2020,10,3492.440322580636
Switzerland,2020,10,3262.079838709677
Nepal,2020,10,3238.2620967741927
Morocco,2020,10,3120.497983870966
Peru,2020,10,2868.8383064516033
Philippines,2020,10,2225.066532258059
Portugal,2020,10,2088.5443548387084
Jordan,2020,10,1916.0350806451615
Turkey,2020,10,1829.7834677419285
Israel,2020,10,1773.9499999999975
Austria,2020,10,1698.8233870967738
South Africa,2020,10,1645.5004032257975
Slovakia,2020,10,1581.159274193548
Chile,2020,10,1499.521774193538
Hungary,2020,10,1479.0181451612898
Bangladesh,2020,10,1433.7391129032192
Tunisia,2020,10,1368.6774193548385
Lebanon,2020,10,1299.8979838709672
Myanmar,2020,10,1290.7903225806451
Armenia,2020,10,1284.5838709677414
United Arab Emirates,2020,10,1265.0725806451583
Costa Rica,2020,10,1111.04879032258
Georgia,2020,10,1055.1939516129032
Quebec,2020,10,995.3741935483861
Croatia,2020,10,990.9713709677418
Bulgaria,2020,10,981.0165322580644
Ecuador,2020,10,974.4862903225795
Sweden,2020,10,952.593951612903
Ireland,2020,10,911.2891129032255
Libya,2020,10,898.1774193548381
United States of America,2020,11,157456.45717463834
India,2020,11,42535.351946607065
Italy,2020,11,32249.940823136796
Brazil,2020,11,28302.491212458153
France,2020,11,26117.12857142859
Russian Federation,2020,11,22420.887430478273
Poland,2020,11,22116.322135706338
United Kingdom,2020,11,21399.430700778623
Germany,2020,11,18343.622024471617
Spain,2020,11,15090.881201334802
Ukraine,2020,11,12046.455172413787
Iran,2020,11,12023.59065628474
Argentina,2020,11,8742.310789766378
Romania,2020,11,8163.315016685201
Colombia,2020,11,7823.661846496082
Turkey,2020,11,6700.6729699666275
Austria,2020,11,6206.613793103447
Mexico,2020,11,6108.082758620674
Czechia,2020,11,5912.030923248046
Portugal,2020,11,5605.822024471631
Switzerland,2020,11,5450.970189098993
Netherlands,2020,11,5373.962847608446
Jordan,2020,11,5048.953058954392
Morocco,2020,11,4757.376418242487
Hungary,2020,11,4684.421357063404
Belgium,2020,11,4483.851390433808
Serbia,2020,11,4398.61401557286
Sweden,2020,11,4378.049610678528
Indonesia,2020,11,4360.672747497208
Georgia,2020,11,3323.4593993325916
Bulgaria,2020,11,3231.1341490545037
Croatia,2020,11,2681.9612903225798
Iraq,2020,11,2632.4872080088903
Greece,2020,11,2354.4816462736367
Pakistan,2020,11,2308.8767519466055
South Africa,2020,11,2205.857842046703
Azerbaijan,2020,11,2172.72235817575
Peru,2020,11,2062.428921023336
Nepal,2020,11,1977.925250278082
Slovakia,2020,11,1948.6816462736372
Bangladesh,2020,11,1930.9114571746263
Japan,2020,11,1677.4711902113454
Philippines,2020,11,1634.3692992213494
Lithuania,2020,11,1619.6502780867627
Lebanon,2020,11,1581.6222469410438
Armenia,2020,11,1481.5559510567275
Ontario,2020,11,1441.7701890989972
Slovenia,2020,11,1429.8718576195765
Chile,2020,11,1378.964627363727
Myanmar,2020,11,1291.925917686317
United States of America,2020,12,211019.01653225807
Turkey,2020,12,57008.35685483872
Brazil,2020,12,42877.42056451594
Russian Federation,2020,12,27613.694354838703
United Kingdom,2020,12,27219.098790322536
India,2020,12,25811.185887096606
Germany,2020,12,22240.485483870954
Italy,2020,12,15712.739919354839
France,2020,12,12675.647580645178
Ukraine,2020,12,10670.689919354829
Colombia,2020,12,10632.560483870924
Mexico,2020,12,10040.500806451593
Netherlands,2020,12,9647.436290322572
Poland,2020,12,9556.655645161281
South Africa,2020,12,8773.977016129014
Spain,2020,12,8641.448387096765
Iran,2020,12,7914.917338709674
Indonesia,2020,12,6579.675806451607
Czechia,2020,12,6043.32217741935
Argentina,2020,12,6017.546774193534
Sweden,2020,12,5868.151209677415
Serbia,2020,12,5108.920564516127
Romania,2020,12,5057.385887096765
Slovakia,2020,12,4980.487096774192
Switzerland,2020,12,4034.31733870967
Portugal,2020,12,3621.433467741933
Hungary,2020,12,3340.4189516128977
Azerbaijan,2020,12,3276.278225806451
Denmark,2020,12,2933.239112903225
Georgia,2020,12,2915.754435483869
Lithuania,2020,12,2772.737096774193
Japan,2020,12,2761.5149193548373
Israel,2020,12,2694.51088709677
Croatia,2020,12,2681.859274193547
Panama,2020,12,2600.456854838705
Pakistan,2020,12,2589.4564516129035
Morocco,2020,12,2568.898387096769
Austria,2020,12,2429.174999999994
Jordan,2020,12,2314.115725806445
Belgium,2020,12,2290.8068548387
Ontario,2020,12,2184.35887096774
Quebec,2020,12,2008.439919354838
Chile,2020,12,1884.521370967738
Belarus,2020,12,1882.8762096774165
Bulgaria,2020,12,1731.8177419354822
Palestine,2020,12,1683.4520161290309
Peru,2020,12,1661.9153225806344
Lebanon,2020,12,1657.8588709677394
Malaysia,2020,12,1529.0153225806446
Bangladesh,2020,12,1519.2487903225801
United States of America,2021,1,200527.96088709662
Brazil,2021,1,52557.541129032244
United Kingdom,2021,1,42799.83064516127
Spain,2021,1,30411.655645161278
Russian Federation,2021,1,22013.545161290287
France,2021,1,18784.423790322522
Germany,2021,1,16605.27258064513
Colombia,2021,1,15652.706451612888
Mexico,2021,1,15219.216129032244
India,2021,1,14975.127016128929
Italy,2021,1,14268.897580645149
South Africa,2021,1,13277.047177419337
Indonesia,2021,1,11103.102822580631
Argentina,2021,1,10394.366935483853
Portugal,2021,1,10360.112096774195
Czechia,2021,1,8569.174193548379
Turkey,2021,1,8231.647580645144
Israel,2021,1,7415.762096774184
Poland,2021,1,6977.852419354818
Iran,2021,1,6207.79274193547
Ukraine,2021,1,5662.23629032257
Netherlands,2021,1,5586.2979838709625
Japan,2021,1,5441.224193548383
Slovakia,2021,1,5056.320161290321
Sweden,2021,1,4472.467741935477
Lebanon,2021,1,4171.047580645159
Peru,2021,1,4086.9826612903207
Chile,2021,1,3922.7403225806374
Ireland,2021,1,3429.5987903225796
Malaysia,2021,1,3287.5322580645156
United Arab Emirates,2021,1,3247.6983870967724
Romania,2021,1,3119.460080645149
Ontario,2021,1,2692.981854838706
Tunisia,2021,1,2468.299999999998
Panama,2021,1,2430.1552419354834
Switzerland,2021,1,2356.4455645161265
Pakistan,2021,1,2111.840725806441
Belgium,2021,1,2088.5499999999843
Bolivia,2021,1,1924.214516129028
Serbia,2021,1,1814.2697580645147
Quebec,2021,1,1796.7745967741926
Belarus,2021,1,1745.562903225805
Philippines,2021,1,1728.9689516128963
Austria,2021,1,1674.6903225806414
Nigeria,2021,1,1484.184274193547
Dominican Republic,2021,1,1457.3717741935438
Slovenia,2021,1,1447.7326612903194
Hungary,2021,1,1404.138306451604
Ecuador,2021,1,1274.8749999999955
Lithuania,2021,1,1199.2403225806418
United States of America,2021,2,81541.98193760324
Brazil,2021,2,47724.04707170246
France,2021,2,19770.120268620223
Russian Federation,2021,2,13797.993705528237
Spain,2021,2,12971.304871373803
Italy,2021,2,12962.795019157127
India,2021,2,12448.104542966754
United Kingdom,2021,2,12434.11001642046
Indonesia,2021,2,9027.950738916279
Czechia,2021,2,8890.288724685286
Mexico,2021,2,8103.167761357408
Turkey,2021,2,7865.215654077749
Germany,2021,2,7796.379584017563
Iran,2021,2,7687.653804050372
Peru,2021,2,6893.794745484414
Poland,2021,2,6722.494800218935
Argentina,2021,2,6225.261083743892
Slovakia,2021,2,5444.479200875752
Colombia,2021,2,5142.501915708866
Ukraine,2021,2,4700.423097974841
Israel,2021,2,4382.977558839626
Netherlands,2021,2,3891.153256705
Chile,2021,2,3442.1275314723766
Sweden,2021,2,3231.848932676527
United Arab Emirates,2021,2,3125.0747126436836
Malaysia,2021,2,2976.448002189384
Iraq,2021,2,2845.742474001107
Lebanon,2021,2,2588.7348111658494
Portugal,2021,2,2580.954844006579
Romania,2021,2,2569.1458675424196
Jordan,2021,2,2268.281335522726
Serbia,2021,2,2218.4551176792625
Belgium,2021,2,2147.548166393007
Hungary,2021,2,2062.697591680351
South Africa,2021,2,2037.7660098522283
Philippines,2021,2,1772.6168582375549
Austria,2021,2,1515.2071702244182
Belarus,2021,2,1418.7049808429178
Japan,2021,2,1415.782430213468
Ecuador,2021,2,1261.1754241926667
Pakistan,2021,2,1220.9701696770792
Greece,2021,2,1202.7706622879089
Ontario,2021,2,1133.2747673782205
Switzerland,2021,2,1116.1324575807416
Bolivia,2021,2,1071.9868637110021
Albania,2021,2,1053.8300492610847
Bulgaria,2021,2,1014.7569786535345
Paraguay,2021,2,962.0577449370559
Kuwait,2021,2,933.7635467980311
Kazakhstan,2021,2,932.05446086481
Brazil,2021,3,72388.52903225791
United States of America,2021,3,57382.61895161218
India,2021,3,35488.352016128854
France,2021,3,28753.162499999973
Italy,2021,3,22004.292741935446
Poland,2021,3,20415.736693548366
Turkey,2021,3,19294.207661290253
Germany,2021,3,12185.302016128995
Ukraine,2021,3,11133.088306451602
Czechia,2021,3,10136.726585094537
Russian Federation,2021,3,9449.74919354839
Iran,2021,3,7981.618951612885
Hungary,2021,3,7660.635483870966
Jordan,2021,3,7483.586693548378
Argentina,2021,3,7432.416129032269
Peru,2021,3,7404.181854838689
Netherlands,2021,3,6183.436693548366
Indonesia,2021,3,5662.264112903212
Philippines,2021,3,5645.517338709663
Chile,2021,3,5619.854435483855
United Kingdom,2021,3,5513.236290322499
Romania,2021,3,5016.597177419339
Iraq,2021,3,4964.893548387088
Colombia,2021,3,4835.141935483823
Mexico,2021,3,4783.129435483827
Serbia,2021,3,4620.125000000001
Spain,2021,3,4566.9781979977115
Sweden,2021,3,4503.756854838697
Slovakia,2021,3,3816.3762096774135
Belgium,2021,3,3705.7137096774086
Bulgaria,2021,3,3162.03064516129
Lebanon,2021,3,3073.243951612899
Pakistan,2021,3,2995.081451612891
Austria,2021,3,2799.1161290322484
Greece,2021,3,2321.6963709677357
United Arab Emirates,2021,3,2177.4737903225737
Bangladesh,2021,3,1986.610483870967
Palestine,2021,3,1914.681048387094
Paraguay,2021,3,1850.1411290322555
Ontario,2021,3,1684.4721774193513
Israel,2021,3,1632.7383064515939
Ethiopia,2021,3,1570.6435483870935
Uruguay,2021,3,1506.8298387096766
Republic of Moldova,2021,3,1473.9060483870944
Switzerland,2021,3,1417.6108870967703
Ecuador,2021,3,1410.5080645161238
Malaysia,2021,3,1403.3919354838708
Estonia,2021,3,1374.6076612903214
Kuwait,2021,3,1331.6713709677376
Japan,2021,3,1329.8834677419304
India,2021,4,235971.01601779734
United States of America,2021,4,63664.24516128952
Brazil,2021,4,63350.8667408229
Turkey,2021,4,53528.26162402664
France,2021,4,32735.344334975453
Argentina,2021,4,22153.90834260284
Iran,2021,4,22002.66896551721
Germany,2021,4,19224.380200222393
Colombia,2021,4,15723.53615127914
Poland,2021,4,15066.063626251344
Italy,2021,4,14107.51590656276
Ukraine,2021,4,13105.541268075598
Philippines,2021,4,9682.552391546153
Russian Federation,2021,4,8524.034037819689
Peru,2021,4,8304.768186874271
Spain,2021,4,8277.6627363737
Netherlands,2021,4,7582.669855394833
Iraq,2021,4,7404.652725250256
Chile,2021,4,6746.438709677393
Sweden,2021,4,5784.797552836475
Indonesia,2021,4,5198.078309232438
Pakistan,2021,4,5161.193325917677
Bangladesh,2021,4,4903.918131256946
Ontario,2021,4,4040.058286985533
Japan,2021,4,4003.712791991091
Hungary,2021,4,3991.901001112319
Mexico,2021,4,3583.173971078948
Belgium,2021,4,3515.6618464960898
Romania,2021,4,3281.449165739691
Uruguay,2021,4,3137.530589543935
Czechia,2021,4,3132.7708565072026
Jordan,2021,4,3127.4097886540367
Serbia,2021,4,2870.132814238026
Greece,2021,4,2708.0522803114495
Kazakhstan,2021,4,2656.766184649605
Austria,2021,4,2430.015350389314
United Kingdom,2021,4,2315.2714285715397
Paraguay,2021,4,2195.325917686315
Malaysia,2021,4,2099.4431590656245
Croatia,2021,4,2049.8829810900957
Switzerland,2021,4,2033.8157953281236
Bulgaria,2021,4,2001.3775305895354
Azerbaijan,2021,4,1964.941713014456
United Arab Emirates,2021,4,1930.7688542825265
Lebanon,2021,4,1907.5528364849686
Tunisia,2021,4,1905.5192436040006
Palestine,2021,4,1810.4320355951022
Ecuador,2021,4,1806.3030033370346
Ethiopia,2021,4,1698.088542825358
Slovakia,2021,4,1503.187319243591
India,2021,5,291620.65645161265
Brazil,2021,5,63123.64758064486
United States of America,2021,5,29506.933467741583
Argentina,2021,5,26926.74919354841
Colombia,2021,5,17267.692338709694
Iran,2021,5,12927.935887096719
Turkey,2021,5,12391.602822580599
Germany,2021,5,9409.082661290253
Russian Federation,2021,5,8450.964516128919
Nepal,2021,5,8129.311290322578
Italy,2021,5,6066.751612903193
Chile,2021,5,5909.68306451612
Philippines,2021,5,5877.141129032259
Malaysia,2021,5,5294.112903225791
Peru,2021,5,5282.966532258068
Japan,2021,5,5213.062499999992
Spain,2021,5,5024.873387096735
Indonesia,2021,5,4768.476209677419
Netherlands,2021,5,4666.590725806418
Ukraine,2021,5,4550.471370967696
Iraq,2021,5,4232.609274193529
Sweden,2021,5,3366.927016129013
Uruguay,2021,5,3159.8887096774165
Thailand,2021,5,3113.819354838709
Pakistan,2021,5,3113.792338709669
South Africa,2021,5,2768.485080645154
Sri Lanka,2021,5,2609.1221774193523
Paraguay,2021,5,2514.1778225806397
Poland,2021,5,2480.393145161219
Belgium,2021,5,2329.080645161269
Costa Rica,2021,5,2302.712096774193
United Kingdom,2021,5,2281.97441601768
Mexico,2021,5,2251.547177419299
Bolivia,2021,5,2225.9899193548376
Kazakhstan,2021,5,2194.437499999994
Bahrain,2021,5,2080.899193548385
Ontario,2021,5,1994.048387096762
Greece,2021,5,1970.0959677419262
United Arab Emirates,2021,5,1555.624596774187
Ecuador,2021,5,1348.029838709673
Maldives,2021,5,1252.4701612903227
Bangladesh,2021,5,1250.6508064515997
Belarus,2021,5,1191.3290322580601
Cuba,2021,5,1180.9254032258038
Venezuela (Bolivarian Republic),2021,5,1165.732661290321
Egypt,2021,5,1154.4802419354803
Alberta,2021,5,1134.825806451613
Switzerland,2021,5,1133.380241935474
Tunisia,2021,5,1125.2870967741887
Georgia,2021,5,1125.0584677419288
India,2021,6,69063.64760845376
Brazil,2021,6,69020.33637374808
Colombia,2021,6,27780.83337041143
Argentina,2021,6,21699.28876529471
Russian Federation,2021,6,14716.795328142238
United States of America,2021,6,12618.127030032127
Indonesia,2021,6,11683.91835372631
South Africa,2021,6,10438.527252502741
United Kingdom,2021,6,9981.930144604969
Iran,2021,6,9556.743715239048
Philippines,2021,6,6172.745939933231
Chile,2021,6,5861.732814238006
Turkey,2021,6,5794.894994438173
Malaysia,2021,6,5731.99087875416
Iraq,2021,6,4751.276307007758
Spain,2021,6,4056.520355950951
Bangladesh,2021,6,3600.871190211341
Mexico,2021,6,3320.759288097828
Thailand,2021,6,3200.7928809788646
Peru,2021,6,3197.9644048942814
France,2021,6,2905.497044335123
Uruguay,2021,6,2478.7103448275807
Sri Lanka,2021,6,2375.959288097883
Tunisia,2021,6,2349.6286985539477
Nepal,2021,6,2305.1704115684006
Bolivia,2021,6,2253.4249165739593
Paraguay,2021,6,2200.6369299221265
Zambia,2021,6,2165.3733036707417
United Arab Emirates,2021,6,2078.7317018909785
Mongolia,2021,6,2050.465628476083
Oman,2021,6,1766.8420467185688
Japan,2021,6,1641.48453837596
Afghanistan,2021,6,1634.108342602891
Kuwait,2021,6,1606.368854282535
Costa Rica,2021,6,1566.5025583982194
Cuba,2021,6,1549.2496106785256
Germany,2021,6,1397.2538375972917
Guatemala,2021,6,1347.658509454942
Italy,2021,6,1316.0945494994028
Venezuela (Bolivarian Republic),2021,6,1283.122580645159
Saudi Arabia,2021,6,1220.792436040024
Kazakhstan,2021,6,1214.8876529477118
Uganda,2021,6,1205.7141268075623
Ukraine,2021,6,1202.1999999999036
Namibia,2021,6,1177.3497219132357
Pakistan,2021,6,1098.0972191323397
Dominican Republic,2021,6,1068.87163515016
Ecuador,2021,6,1042.6642936596156
Portugal,2021,6,999.3577308119964
Netherlands,2021,6,995.985761957706
Brazil,2021,7,42615.739112903204
Indonesia,2021,7,42107.67862903222
United States of America,2021,7,40998.34637096711
India,2021,7,39299.05161290286
United Kingdom,2021,7,37000.20685483868
Russian Federation,2021,7,23919.249596774032
Spain,2021,7,22584.060887096755
Iran,2021,7,22014.510887096727
Colombia,2021,7,16972.78064516121
South Africa,2021,7,14563.299193548342
Argentina,2021,7,14534.277419354843
Malaysia,2021,7,11769.338709677404
Bangladesh,2021,7,10916.044758064518
Thailand,2021,7,10882.805645161288
France,2021,7,10614.189516128894
Mexico,2021,7,10508.94112903226
Iraq,2021,7,8997.926612903198
Turkey,2021,7,8859.445564516136
Netherlands,2021,7,7139.289919354844
Cuba,2021,7,6424.083467741934
Tunisia,2021,7,5629.89274193548
Kazakhstan,2021,7,5509.059621801991
Philippines,2021,7,5501.7552419354615
Myanmar,2021,7,4958.008467741936
Viet Nam,2021,7,4338.80685483871
Japan,2021,7,3669.3241935483784
Portugal,2021,7,3006.7975806451363
Italy,2021,7,2855.988709677326
Morocco,2021,7,2656.404838709679
Greece,2021,7,2449.847177419343
Guatemala,2021,7,2374.6205645161253
Pakistan,2021,7,2371.8330645161195
Zimbabwe,2021,7,2038.658467741935
Libya,2021,7,1982.2749999999976
Peru,2021,7,1825.7290322580434
Chile,2021,7,1800.0379032258
Nepal,2021,7,1784.521370967732
Georgia,2021,7,1705.0633064516062
Sri Lanka,2021,7,1546.0471774193516
United Arab Emirates,2021,7,1534.6677419354694
Mongolia,2021,7,1506.1479838709663
Mozambique,2021,7,1488.431048387097
South Korea,2021,7,1422.8661290322564
Belgium,2021,7,1368.3822580645185
Botswana,2021,7,1329.506048387096
Kuwait,2021,7,1311.6471774193544
Germany,2021,7,1276.0145161289258
Costa Rica,2021,7,1274.719354838704
Zambia,2021,7,1251.5411290322552
Kyrgyzstan,2021,7,1237.1028225806435
United States of America,2021,8,142757.12298387088
Iran,2021,8,36688.0354838709
India,2021,8,36225.553225806034
United Kingdom,2021,8,30728.499193548258
Brazil,2021,8,28633.71532258019
Indonesia,2021,8,21881.320967741856
Turkey,2021,8,21102.477016128967
Malaysia,2021,8,20792.604435483838
Russian Federation,2021,8,20508.287499999846
Thailand,2021,8,20167.577419354835
Japan,2021,8,19437.791532258056
France,2021,8,19419.069758064597
Mexico,2021,8,17405.745967741874
Philippines,2021,8,13164.48266129031
Spain,2021,8,12342.726612903169
South Africa,2021,8,11183.667741935456
Viet Nam,2021,8,10018.90564516129
Cuba,2021,8,8818.314112903217
Iraq,2021,8,8155.883870967733
Argentina,2021,8,8106.3084677418055
Morocco,2021,8,7991.323790322572
Bangladesh,2021,8,7559.7358870967555
Kazakhstan,2021,8,7332.791532258053
Israel,2021,8,6574.1669354838605
Italy,2021,8,6301.409274193506
Germany,2021,8,5752.777016129012
Georgia,2021,8,4484.340322580643
Sri Lanka,2021,8,4342.081854838708
Pakistan,2021,8,4095.1846774193245
Colombia,2021,8,3666.510887096665
Guatemala,2021,8,3481.707258064507
Greece,2021,8,3147.1145161290237
Myanmar,2021,8,3111.1028225806463
Azerbaijan,2021,8,2799.6189516128998
Netherlands,2021,8,2437.481048387062
Tunisia,2021,8,2299.5161290322526
Portugal,2021,8,2294.4858870967596
Nepal,2021,8,2208.3225806451474
Switzerland,2021,8,2113.6318548387108
Belgium,2021,8,1931.5455645161035
Libya,2021,8,1863.7169354838675
Costa Rica,2021,8,1834.3883064516099
South Korea,2021,8,1779.0403225806403
Ireland,2021,8,1739.8282258064448
Ukraine,2021,8,1688.1762096773834
Botswana,2021,8,1546.696370967741
Mongolia,2021,8,1516.965322580642
Honduras,2021,8,1404.0822580645145
Lebanon,2021,8,1385.9383064516076
Republic of Kosovo,2021,8,1333.4842741935465
United States of America,2021,9,137453.35038932078
United Kingdom,2021,9,32764.547942157686
India,2021,9,30902.712569520845
Turkey,2021,9,25779.87764182408
Brazil,2021,9,22862.40667408195
Philippines,2021,9,19331.772636262463
Russian Federation,2021,9,19159.88987764173
Iran,2021,9,19110.325472747485
Malaysia,2021,9,16762.2266963292
Thailand,2021,9,13328.240044493838
Viet Nam,2021,9,10919.042046718572
Mexico,2021,9,9683.25183537254
Germany,2021,9,9185.353503893102
Cuba,2021,9,7780.605339265834
Israel,2021,9,7120.550166852023
France,2021,9,6858.346607341167
Serbia,2021,9,6251.5503893214545
Japan,2021,9,5986.089432702963
Mongolia,2021,9,5703.169966629582
Ukraine,2021,9,4855.1152391545365
Romania,2021,9,4295.717463848697
Italy,2021,9,4263.85672969958
Indonesia,2021,9,3829.7201334814968
South Africa,2021,9,3753.1199110121875
Iraq,2021,9,3626.623359288034
Kazakhstan,2021,9,3169.434037819769
Spain,2021,9,3169.024249165697
Guatemala,2021,9,2886.4126807563803
Pakistan,2021,9,2740.280978865387
Sri Lanka,2021,9,2519.581757508334
Costa Rica,2021,9,2279.894771968846
Greece,2021,9,2218.2896551724
Morocco,2021,9,2186.924582869852
Argentina,2021,9,2183.8849833146583
Switzerland,2021,9,2096.645606229116
Myanmar,2021,9,2064.2921023359227
Palestine,2021,9,2035.9568409343656
Georgia,2021,9,2024.5199110122192
Belgium,2021,9,1985.4022246940792
Netherlands,2021,9,1981.9294771968287
South Korea,2021,9,1968.0289210233523
Belarus,2021,9,1889.9679644048772
Austria,2021,9,1884.9219132369115
Azerbaijan,2021,9,1863.131034482753
Bangladesh,2021,9,1761.4171301445808
Colombia,2021,9,1577.8636262513241
Alberta,2021,9,1548.696329254726
Bulgaria,2021,9,1516.1804226918664
Tunisia,2021,9,1502.7388209121032
Ireland,2021,9,1379.8607006020882
United States of America,2021,10,80311.81169354742
United Kingdom,2021,10,41892.85241935477
Russian Federation,2021,10,31768.643548387
Turkey,2021,10,28823.00766129013
Ukraine,2021,10,16931.295564516116
India,2021,10,16238.052822580194
Romania,2021,10,14027.015322580639
Brazil,2021,10,12025.599193548114
Germany,2021,10,11080.7729838709
Iran,2021,10,10923.26975806449
Thailand,2021,10,9941.69193548387
Philippines,2021,10,7144.074193548329
Malaysia,2021,10,6985.618145161252
Serbia,2021,10,6530.251612903207
Mongolia,2021,10,6299.752419354835
France,2021,10,4585.877822580422
Mexico,2021,10,4584.850806451527
Netherlands,2021,10,4322.872177419345
Belgium,2021,10,3963.4471774193294
Viet Nam,2021,10,3832.838709677408
Georgia,2021,10,3706.9205645161255
Poland,2021,10,3621.959274193523
Bulgaria,2021,10,3402.129838709666
Singapore,2021,10,3326.803225806451
Italy,2021,10,3034.144758064426
Slovakia,2021,10,2924.7693548387024
Greece,2021,10,2797.5891129032148
Austria,2021,10,2578.975806451606
Lithuania,2021,10,2555.554032258055
Czechia,2021,10,2262.9252502780287
Cuba,2021,10,2230.2040322580606
Latvia,2021,10,2056.154032258065
Belarus,2021,10,2013.3975806451592
Croatia,2021,10,2003.3612903225774
Kazakhstan,2021,10,1842.6572580644997
Ireland,2021,10,1835.1495967741794
Spain,2021,10,1768.1645161289903
Victoria,2021,10,1760.6991935483875
Iraq,2021,10,1660.5677419354402
Azerbaijan,2021,10,1596.1677419354762
South Korea,2021,10,1595.2161290322522
Armenia,2021,10,1542.0080645161283
Republic of Moldova,2021,10,1468.3447580645168
Colombia,2021,10,1410.3620967741535
Palestine,2021,10,1388.7689516129005
Hungary,2021,10,1360.827016129017
Israel,2021,10,1355.9221774193347
Slovenia,2021,10,1320.2129032258072
Chile,2021,10,1317.8624999999788
Jordan,2021,10,1260.9584677419098
United States of America,2021,11,84404.208008898
Germany,2021,11,43069.58487208001
United Kingdom,2021,11,39321.581979977476
Russian Federation,2021,11,36395.28253615104
Turkey,2021,11,24834.1710789765
Ukraine,2021,11,18661.19933259171
Netherlands,2021,11,18384.054505005526
Poland,2021,11,18071.03248053388
France,2021,11,16407.326140155677
Belgium,2021,11,13622.315684093412
Czechia,2021,11,13560.116796440452
Austria,2021,11,11757.448275862056
Viet Nam,2021,11,10699.074972191303
India,2021,11,10430.92680756294
Brazil,2021,11,9699.699221356415
Slovakia,2021,11,9433.80066740823
Italy,2021,11,8823.326807563903
Hungary,2021,11,8109.402002224678
Thailand,2021,11,6788.39733036705
Greece,2021,11,6635.678754171286
Iran,2021,11,6176.468075639458
Malaysia,2021,11,5541.835595105568
Spain,2021,11,4908.270300333648
Croatia,2021,11,4903.786651835369
Switzerland,2021,11,4585.620912124559
Ireland,2021,11,4237.829810900995
Georgia,2021,11,4201.025806451592
Romania,2021,11,3940.3577308119557
Serbia,2021,11,3507.1655172413552
Denmark,2021,11,3461.1116796440415
Slovenia,2021,11,3028.3381535038834
Jordan,2021,11,3026.032703003311
Bulgaria,2021,11,2833.869855394866
South Korea,2021,11,2829.027141268069
Mexico,2021,11,2728.7935483870397
Mongolia,2021,11,2503.4338153503772
Chile,2021,11,2370.6562847608
Colombia,2021,11,2329.3110122356547
Singapore,2021,11,2220.8941045606207
Lithuania,2021,11,2080.731924360388
Norway,2021,11,1994.2740823136762
Portugal,2021,11,1947.8536151278954
Azerbaijan,2021,11,1918.0266963292374
Belarus,2021,11,1830.2124582869687
Philippines,2021,11,1502.2300333703624
South Africa,2021,11,1437.5512791990375
Argentina,2021,11,1366.6756395994098
Mauritius,2021,11,1272.8482758620685
Peru,2021,11,1222.760177975498
Kazakhstan,2021,11,1158.886095661823
United States of America,2021,12,177450.4116935477
United Kingdom,2021,12,83343.58387096768
France,2021,12,63293.97419354829
Germany,2021,12,40041.31532258052
Spain,2021,12,35421.410901000985
Italy,2021,12,29521.63709677416
Russian Federation,2021,12,27486.418145161122
Turkey,2021,12,20401.170564515967
Poland,2021,12,17905.8088709677
South Africa,2021,12,17530.643548387055
Viet Nam,2021,12,16293.945161290329
Netherlands,2021,12,14676.445967741867
Denmark,2021,12,9819.594758064513
Belgium,2021,12,9608.434274193516
Czechia,2021,12,9530.45685483865
Switzerland,2021,12,9473.052419354834
Argentina,2021,12,7836.270161290224
India,2021,12,7631.005241934694
Ukraine,2021,12,7331.936693548329
Greece,2021,12,6519.30766129032
Portugal,2021,12,6349.2580645161115
South Korea,2021,12,6221.8250000000035
Ireland,2021,12,6162.759274193533
Slovakia,2021,12,5874.512903225782
Brazil,2021,12,4911.499193548126
Ontario,2021,12,4905.30403225805
Hungary,2021,12,4539.132661290313
Quebec,2021,12,4429.706854838711
Norway,2021,12,4224.820564516125
Malaysia,2021,12,3899.7233870967225
Jordan,2021,12,3557.8407258064403
Austria,2021,12,3388.807258064508
Sweden,2021,12,3366.364112903222
Thailand,2021,12,3308.9241935483174
New South Wales,2021,12,3179.284677419354
Croatia,2021,12,3111.2745967741776
Zimbabwe,2021,12,2943.3173387096763
Georgia,2021,12,2801.1040322580443
Mexico,2021,12,2466.4052419354452
Iran,2021,12,2368.4903225805338
Finland,2021,12,2363.4141129032228
Colombia,2021,12,2346.4862903224866
Peru,2021,12,1786.0923387096277
Bolivia,2021,12,1750.112903225797
Lebanon,2021,12,1685.7826612903193
Victoria,2021,12,1653.2125000000003
Lithuania,2021,12,1578.7092741935353
Bulgaria,2021,12,1530.8931451612798
Belarus,2021,12,1402.7693548386937
Ethiopia,2021,12,1366.7177419354814
United States of America,2022,1,706151.2874999992
France,2022,1,311586.743145161
India,2022,1,243636.90806451536
Italy,2022,1,168595.57056451606
Spain,2022,1,124886.65040322582
United Kingdom,2022,1,114560.8318548384
Brazil,2022,1,109130.28467741895
Argentina,2022,1,100408.972580645
Germany,2022,1,85955.39032258047
Turkey,2022,1,69833.31129032248
Israel,2022,1,53437.93508064515
Netherlands,2022,1,43283.195967741915
Portugal,2022,1,42406.01774193546
Russian Federation,2022,1,38675.74758064495
Belgium,2022,1,35796.1133064516
Peru,2022,1,35364.90241935484
Mexico,2022,1,34724.05443548383
New South Wales,2022,1,33434.78442714126
Japan,2022,1,32157.428225806412
Denmark,2022,1,31202.899596774187
Switzerland,2022,1,29467.516532258036
Sweden,2022,1,27697.200403225805
Philippines,2022,1,27344.38185483866
Colombia,2022,1,26397.829435483858
Victoria,2022,1,24390.26290322581
Poland,2022,1,24299.811290322552
Greece,2022,1,22338.636693548367
Czechia,2022,1,20972.38870967738
Austria,2022,1,18579.199999999986
Queensland,2022,1,18340.789059829065
Viet Nam,2022,1,17522.495967741903
Romania,2022,1,13249.456048387086
Serbia,2022,1,13233.355645161275
Norway,2022,1,13065.193548387095
Ukraine,2022,1,12570.229838709605
Ireland,2022,1,12454.569354838697
Chile,2022,1,10930.734274193526
Kazakhstan,2022,1,9687.319758064505
Hungary,2022,1,9578.2266129032
Uruguay,2022,1,9217.346774193544
Bolivia,2022,1,9096.073387096769
Slovenia,2022,1,8228.835887096773
Ontario,2022,1,8019.695967741932
Quebec,2022,1,8010.11854838709
Croatia,2022,1,7723.041935483862
Panama,2022,1,7504.385887096769
Georgia,2022,1,7499.037903225798
Thailand,2022,1,7445.066129032234
Finland,2022,1,7367.60201612903
Bulgaria,2022,1,7098.789919354833
Germany,2022,2,176718.79748221146
Russian Federation,2022,2,169409.2175697867
United States of America,2022,2,124191.7534209102
Brazil,2022,2,114911.34345922318
France,2022,2,106872.292429792
Turkey,2022,2,88225.83059660667
South Korea,2022,2,86964.12862616309
Japan,2022,2,81433.92118226601
Netherlands,2022,2,65203.6176792556
Italy,2022,2,59591.55938697318
United Kingdom,2022,2,53132.768746579444
Indonesia,2022,2,47621.2430213465
India,2022,2,40811.1726874663
Viet Nam,2022,2,39045.33333333334
Denmark,2022,2,37502.77531472361
Spain,2022,2,35140.894909688075
Chile,2022,2,32836.3741105638
Ukraine,2022,2,30387.940613026836
Austria,2022,2,29908.535030104038
Poland,2022,2,26576.954022988564
Iran,2022,2,23846.2993979202
Israel,2022,2,23329.35276409417
Portugal,2022,2,22506.71702244115
Malaysia,2022,2,22262.13957307067
Czechia,2022,2,21902.241926655766
Slovakia,2022,2,20095.571702244128
Switzerland,2022,2,19323.130268199282
Mexico,2022,2,19319.552271483404
Romania,2022,2,17294.594143404553
Greece,2022,2,17284.953749315857
Norway,2022,2,16442.64066776137
Thailand,2022,2,16373.275314723674
Argentina,2022,2,16307.44006568172
Georgia,2022,2,15244.056923918995
Jordan,2022,2,15048.064586754268
Singapore,2022,2,14186.205528188284
Belgium,2022,2,12478.475643130865
Latvia,2022,2,9553.737547892722
Lithuania,2022,2,9155.38259441709
Peru,2022,2,8999.235905856634
New South Wales,2022,2,8565.667887667867
Sweden,2022,2,8041.428024083234
Hungary,2022,2,7980.556650246342
Serbia,2022,2,7581.105090311985
Belarus,2022,2,6938.588396278066
Hong Kong,2022,2,6002.44581280788
Uruguay,2022,2,5983.837712096346
Victoria,2022,2,5965.025030525002
Finland,2022,2,5773.766283524912
Slovenia,2022,2,5664.902572523275
South Korea,2022,3,347366.56411290314
Viet Nam,2022,3,218585.17258064513
Germany,2022,3,209552.29677419324
France,2022,3,88952.04556451573
United Kingdom,2022,3,75155.78709677409
Italy,2022,3,62202.01048387081
Netherlands,2022,3,50086.990322580474
Japan,2022,3,47785.99112903223
Russian Federation,2022,3,41019.183467741816
Austria,2022,3,40781.53024193542
Brazil,2022,3,37913.12782257995
United States of America,2022,3,31731.820564515558
Hong Kong,2022,3,24773.11774193548
Malaysia,2022,3,24613.689919354772
Switzerland,2022,3,24192.998790322556
Thailand,2022,3,23845.567338709647
Turkey,2022,3,22075.352419354702
Greece,2022,3,20185.553225806423
New Zealand,2022,3,17760.406854838708
New South Wales,2022,3,17322.575403225786
Spain,2022,3,15744.025806451426
Chile,2022,3,13091.461693548385
Indonesia,2022,3,12737.189112903225
Portugal,2022,3,11852.155645161254
Singapore,2022,3,11538.014516129035
Slovakia,2022,3,10289.084677419336
Poland,2022,3,9623.495967741852
Belgium,2022,3,9360.71975806448
Czechia,2022,3,9178.935483870917
Israel,2022,3,8857.15846774195
Denmark,2022,3,8843.162499999933
Finland,2022,3,7909.814516129023
Victoria,2022,3,7861.600806451598
Queensland,2022,3,6670.454838709671
Western Australia,2022,3,5951.618464961068
Ireland,2022,3,5218.862096774165
Lithuania,2022,3,4691.701612903221
Mexico,2022,3,4423.159274193488
Norway,2022,3,4395.881854838711
Argentina,2022,3,4382.190725806164
Latvia,2022,3,4380.745967741924
Ukraine,2022,3,4174.205645161222
Cyprus,2022,3,3579.0649193548297
Romania,2022,3,3535.7592741934764
South Australia,2022,3,3531.443951612903
Iran,2022,3,3082.06814516112
India,2022,3,2699.577822579907
Slovenia,2022,3,2482.972580645158
Jordan,2022,3,2174.795564516092
Brunei Darussalam,2022,3,2130.4395161290313
South Korea,2022,4,121802.32947719656
Germany,2022,4,117782.4843159066
France,2022,4,99603.327697441
Italy,2022,4,59763.750834260085
Japan,2022,4,44637.19666295867
United States of America,2022,4,42252.59466073289
Viet Nam,2022,4,32542.503670745024
United Kingdom,2022,4,28682.407563959856
Thailand,2022,4,20583.44382647382
China,2022,4,19556.056507230256
Brazil,2022,4,15911.235372635396
New South Wales,2022,4,14501.358398220209
Spain,2022,4,11744.976418242115
Russian Federation,2022,4,10642.806451612549
Austria,2022,4,10060.033592880945
Portugal,2022,4,9384.873414905354
Victoria,2022,4,9032.91501668517
Greece,2022,4,8890.919466073372
New Zealand,2022,4,8577.202002224689
Malaysia,2022,4,7969.984872080041
Western Australia,2022,4,7744.931308155448
Queensland,2022,4,7306.859621801995
Belgium,2022,4,7256.434260289132
Netherlands,2022,4,5165.583982202247
Turkey,2022,4,5110.317463848476
South Australia,2022,4,4945.638264738591
Finland,2022,4,4840.533036707435
Israel,2022,4,4820.737486095549
Switzerland,2022,4,4340.547719688445
Ontario,2022,4,4239.996059113317
Czechia,2022,4,3325.7669950739873
Singapore,2022,4,3218.208898776389
Slovakia,2022,4,2710.954679803004
Chile,2022,4,2705.80889877632
Quebec,2022,4,2602.1096774193197
Mexico,2022,4,2399.5459399331703
Taiwan,2022,4,2381.7928809788655
South Africa,2022,4,2222.666518353676
Iran,2022,4,2010.7385984425662
Shanghai,2022,4,1988.5108374384233
Denmark,2022,4,1892.9214682980728
Ireland,2022,4,1778.5012235817069
Reunion,2022,4,1735.8295884315787
Hungary,2022,4,1692.711234705192
India,2022,4,1671.104115682612
Tasmania,2022,4,1487.0825361512782
Slovenia,2022,4,1336.081646273622
Cyprus,2022,4,1266.2193548387006
Romania,2022,4,1235.8938820911367
Hong Kong,2022,4,1229.5733036707136
United States of America,2022,5,97841.16491935344
Taiwan,2022,5,67537.22620967742
Germany,2022,5,51128.49758064477
Japan,2022,5,33821.635080645
Italy,2022,5,30771.343951612736
France,2022,5,27368.67141267983
South Korea,2022,5,27111.767338709502
Portugal,2022,5,22114.821774193453
Brazil,2022,5,17683.80806451547
Spain,2022,5,14701.658870967587
Western Australia,2022,5,12546.936693548385
Victoria,2022,5,11448.656451612876
New South Wales,2022,5,9919.937499999922
United Kingdom,2022,5,8748.209121245161
New Zealand,2022,5,7573.647580645157
Thailand,2022,5,6412.145939933131
Queensland,2022,5,6359.680645161277
South Africa,2022,5,5790.756451612802
Argentina,2022,5,4946.679838709549
Chile,2022,5,4804.7548387096085
Russian Federation,2022,5,4637.857258064138
Greece,2022,5,4152.339516129054
South Australia,2022,5,3792.7850945494915
Singapore,2022,5,3658.5802419354686
Austria,2022,5,3592.594354838666
Belgium,2022,5,3032.1411290322426
Panama,2022,5,2872.9826612903134
India,2022,5,2512.87419354796
Finland,2022,5,2274.230241935463
Viet Nam,2022,5,2205.5778225803847
Malaysia,2022,5,2060.949596774142
Israel,2022,5,2048.9564516128366
Ireland,2022,5,1761.2705645160966
China,2022,5,1654.396774193539
Switzerland,2022,5,1575.3092741935056
Costa Rica,2022,5,1489.1004032258068
Ontario,2022,5,1458.264919354816
Turkey,2022,5,1349.351612903186
Netherlands,2022,5,1177.700806451434
Mexico,2022,5,1042.0718576194424
Tasmania,2022,5,937.2834677419327
Australian Capital Territory,2022,5,912.4568548387092
Reunion,2022,5,822.8943548387081
Uruguay,2022,5,767.1862903225721
Quebec,2022,5,717.3818548387021
Hungary,2022,5,631.1032258064147
Denmark,2022,5,626.8197580644843
Bahrain,2022,5,572.0250000000023
Peru,2022,5,525.4694581281549
Czechia,2022,5,521.6404894326258
United States of America,2022,6,103792.06451612724
Germany,2022,6,61007.29744160129
Taiwan,2022,6,57090.171968854236
France,2022,6,49521.22561576412
Brazil,2022,6,42253.87719688495
Italy,2022,6,35053.48364849789
Portugal,2022,6,15717.855617352536
Japan,2022,6,14894.437597330194
United Kingdom,2022,6,14144.472969966124
Spain,2022,6,13187.694104560362
India,2022,6,10646.81001112202
Chile,2022,6,9885.221802002108
Mexico,2022,6,7922.4075639598705
South Korea,2022,6,7843.019799777397
New South Wales,2022,6,7388.147052280286
Israel,2022,6,7264.499666295787
Greece,2022,6,7101.767519465956
Victoria,2022,6,6644.372858731871
Austria,2022,6,5507.169966629519
New Zealand,2022,6,5498.720133481635
Western Australia,2022,6,5311.746607341492
Argentina,2022,6,4937.850723025226
Singapore,2022,6,4374.313459399306
Queensland,2022,6,3814.376195773053
Netherlands,2022,6,3227.0576195771378
Russian Federation,2022,6,3156.39933259144
Switzerland,2022,6,2843.267853170143
Belgium,2022,6,2762.594215795222
South Australia,2022,6,2523.562180200214
Thailand,2022,6,2269.7692992213206
Colombia,2022,6,1994.960400444811
Ukraine,2022,6,1991.8142380421355
Malaysia,2022,6,1985.9506117906815
Panama,2022,6,1961.4941045605985
Morocco,2022,6,1607.6006674082073
Guatemala,2022,6,1543.2992213570399
Peru,2022,6,1487.968186874216
Bahrain,2022,6,1403.7363737485991
Finland,2022,6,1390.326140155703
United Arab Emirates,2022,6,1320.3406006673947
Uruguay,2022,6,1229.3692992213328
Denmark,2022,6,1154.105228031083
South Africa,2022,6,1129.9492769743895
Indonesia,2022,6,1122.6413793102952
Ireland,2022,6,1097.3664071189955
Hong Kong,2022,6,1091.6046718576033
Turkey,2022,6,1082.6046718572507
Martinique,2022,6,1049.8867630700736
Ecuador,2022,6,1019.3857619577168
Saudi Arabia,2022,6,936.1686318131088
United States of America,2022,7,126466.66209677403
Japan,2022,7,112593.46612903211
Germany,2022,7,90813.44879032265
France,2022,7,90141.17862903146
Italy,2022,7,84903.10080645143
South Korea,2022,7,49454.45362903199
Brazil,2022,7,49031.10483870905
Taiwan,2022,7,25832.820161290285
Greece,2022,7,24839.416532258045
Mexico,2022,7,24254.975806451504
Turkey,2022,7,22951.625806451408
United Kingdom,2022,7,21258.8064516125
India,2022,7,18607.70282258025
Spain,2022,7,15717.659399332439
New South Wales,2022,7,12493.60927419353
Austria,2022,7,11058.595161290312
Victoria,2022,7,10634.405241935468
Peru,2022,7,10130.414112903196
New Zealand,2022,7,9193.605645161268
Singapore,2022,7,9026.341129032251
Chile,2022,7,7677.909274193462
Israel,2022,7,7470.967338709627
Queensland,2022,7,7288.111693548351
Switzerland,2022,7,6974.596370967699
Belgium,2022,7,6097.4826612902225
Portugal,2022,7,5802.403225806308
Argentina,2022,7,5374.85322580629
Western Australia,2022,7,5353.0818548387015
Iran,2022,7,5200.214112903101
Netherlands,2022,7,5108.645161290127
Russian Federation,2022,7,5092.977822580729
Romania,2022,7,4921.05362903223
Costa Rica,2022,7,4883.814919354818
Guatemala,2022,7,4580.1072580645
South Australia,2022,7,4161.494994438254
Indonesia,2022,7,3944.735887096678
Bolivia,2022,7,3893.3189516128864
Malaysia,2022,7,3840.3673387096424
Hong Kong,2022,7,3550.9955645160976
Colombia,2022,7,3344.7112903225097
Iraq,2022,7,3254.696774193506
Serbia,2022,7,3029.1471774193374
Tunisia,2022,7,3015.6814516128998
Czechia,2022,7,2373.6471774192796
Philippines,2022,7,2323.5471774192897
Thailand,2022,7,2247.187499999971
Lebanon,2022,7,2130.5427419354523
Quebec,2022,7,2095.9282258064245
Denmark,2022,7,2039.3516129031782
Ecuador,2022,7,1915.5766129032065
Japan,2022,8,203899.8741935483
South Korea,2022,8,117477.80564516077
United States of America,2022,8,97722.7020161288
Germany,2022,8,40230.24193548336
Russian Federation,2022,8,30508.013306451245
Turkey,2022,8,28750.966532257968
Italy,2022,8,24894.27822580625
Taiwan,2022,8,22757.91209677416
France,2022,8,19091.676209677138
Brazil,2022,8,17973.881854838313
Viet Nam,2022,8,13388.492741935375
India,2022,8,12743.257661289967
Greece,2022,8,11190.134274193457
Chile,2022,8,9055.132258064466
Mexico,2022,8,8042.940725806401
New South Wales,2022,8,7309.237903225756
Peru,2022,8,6603.431451612815
United Kingdom,2022,8,6021.540322580277
Hong Kong,2022,8,5884.561693548379
Austria,2022,8,5414.60362903217
Serbia,2022,8,5210.418548387047
Indonesia,2022,8,4900.590322580565
Romania,2022,8,4765.402822580616
Iran,2022,8,4292.661290322462
Argentina,2022,8,4274.482661290079
Victoria,2022,8,4230.735038932069
Singapore,2022,8,3864.652419354815
New Zealand,2022,8,3763.378225806442
Poland,2022,8,3488.393951612796
Philippines,2022,8,3479.1403225805893
Spain,2022,8,3430.161290322443
Malaysia,2022,8,3313.787903225758
Switzerland,2022,8,2690.412903225766
Queensland,2022,8,2568.160622914291
Finland,2022,8,2512.7092741935435
Czechia,2022,8,2461.2520161289344
Hungary,2022,8,2383.7020161290097
Portugal,2022,8,2362.2919354837522
Belgium,2022,8,2012.1911290322555
Thailand,2022,8,1950.6862903225913
Guatemala,2022,8,1944.6189516128957
Bolivia,2022,8,1909.1564516129044
Western Australia,2022,8,1890.293548387073
Georgia,2022,8,1695.5665322580674
Costa Rica,2022,8,1675.0749999999866
Netherlands,2022,8,1511.865322580519
Ontario,2022,8,1488.9096774193233
Israel,2022,8,1487.3173387095806
Slovenia,2022,8,1374.3637096774062
China,2022,8,1362.7310483870865
Japan,2022,9,73913.60177975484
United States of America,2022,9,60013.51190210935
Russian Federation,2022,9,49561.22847608401
South Korea,2022,9,46770.22113459339
Taiwan,2022,9,38888.045161290225
Germany,2022,9,35678.23248053311
France,2022,9,27556.85228031103
Italy,2022,9,18477.15127919839
Brazil,2022,9,8337.929556651492
Hong Kong,2022,9,7464.167964404844
Austria,2022,9,5619.568472906465
Greece,2022,9,5531.14193548369
India,2022,9,5165.054505004438
United Kingdom,2022,9,4881.377975527706
Turkey,2022,9,4585.664516128448
Ukraine,2022,9,4173.642491657263
Poland,2022,9,4078.134149054336
Chile,2022,9,3504.8992213569722
Czechia,2022,9,3141.5704115682665
Serbia,2022,9,2582.066073414892
Spain,2022,9,2510.2894327026424
Portugal,2022,9,2429.9354838708055
Viet Nam,2022,9,2406.1187986647333
Indonesia,2022,9,2326.0266963290123
Singapore,2022,9,2227.4436040044434
Philippines,2022,9,2201.98020022232
Switzerland,2022,9,2096.889877641736
New South Wales,2022,9,2094.1292547274265
Mexico,2022,9,2023.5906403941951
Slovakia,2022,9,2010.6849833147112
Georgia,2022,9,2010.496329254708
Slovenia,2022,9,1929.3056729699263
Belgium,2022,9,1927.5690767518302
Malaysia,2022,9,1907.659176863057
Hungary,2022,9,1652.9628476084176
Romania,2022,9,1627.2983314793528
Victoria,2022,9,1602.1600985222005
Netherlands,2022,9,1302.5018909897708
Peru,2022,9,1224.475417129974
Ontario,2022,9,1165.4698553948624
New Zealand,2022,9,1144.9592880978616
Lithuania,2022,9,1120.8226918798407
Latvia,2022,9,1073.73036707451
Costa Rica,2022,9,1065.440711902078
Argentina,2022,9,1008.453615127584
Israel,2022,9,995.3579532813876
Queensland,2022,9,955.758398220202
Finland,2022,9,937.4642936596067
Thailand,2022,9,867.829365962088
China,2022,9,858.2665183537113
Germany,2022,10,83681.77258064515
France,2022,10,49670.0302419353
Taiwan,2022,10,41079.79717741925
United States of America,2022,10,37939.495564514415
Italy,2022,10,36816.79193548355
Japan,2022,10,33160.013709677136
South Korea,2022,10,25594.313709677255
Russian Federation,2022,10,12887.990725806114
Austria,2022,10,10194.939516128941
United Kingdom,2022,10,8289.655645161034
Greece,2022,10,7571.747580645077
Singapore,2022,10,7007.232258064485
Ukraine,2022,10,5622.14153225796
Hong Kong,2022,10,5127.883064516079
Brazil,2022,10,5111.506048386853
Switzerland,2022,10,4661.164112903126
Chile,2022,10,4452.506048386954
Spain,2022,10,3072.603629032049
Netherlands,2022,10,2930.5592741933215
Czechia,2022,10,2453.8734149053494
Belgium,2022,10,2378.3673387096487
India,2022,10,2122.6137931026656
New Zealand,2022,10,2011.6366935483716
Finland,2022,10,1970.7987903225758
Malaysia,2022,10,1966.4202447162704
Indonesia,2022,10,1942.006048386959
Philippines,2022,10,1817.212096774106
Turkey,2022,10,1765.948387096508
Hungary,2022,10,1696.6911290322366
Slovenia,2022,10,1647.9177419354755
New South Wales,2022,10,1493.1024193547062
Poland,2022,10,1491.7229838708524
Ontario,2022,10,1373.245161290299
Serbia,2022,10,1347.0419354838104
Victoria,2022,10,1212.5788654059481
Denmark,2022,10,1192.3157258063704
China,2022,10,1007.5499999999894
Quebec,2022,10,900.2209677419289
Queensland,2022,10,897.021182266074
Portugal,2022,10,798.603225806366
Viet Nam,2022,10,761.7919354838372
Sweden,2022,10,747.4592741934905
Mexico,2022,10,738.6040044491945
Latvia,2022,10,721.6536290322409
Western Australia,2022,10,691.7423387096661
Israel,2022,10,688.6354838708619
Bulgaria,2022,10,654.3201612903148
Slovakia,2022,10,588.8137096773672
Lithuania,2022,10,586.3149193548048
Qatar,2022,10,575.5286290322543
Japan,2022,11,82716.12947719624
South Korea,2022,11,51795.08676306973
United States of America,2022,11,40965.907452723455
France,2022,11,31674.150389320184
Italy,2022,11,27644.997107897336
Germany,2022,11,27133.712124581627
Taiwan,2022,11,18908.596218019808
China,2022,11,17496.588209121222
Brazil,2022,11,13776.286540599802
Greece,2022,11,7821.440266963132
Hong Kong,2022,11,6779.178420467108
Indonesia,2022,11,6022.465406006445
Chile,2022,11,5612.993325917519
Russian Federation,2022,11,5227.947942157442
Austria,2022,11,3902.789766407019
New South Wales,2022,11,3486.6556173525537
New Zealand,2022,11,3357.6923248052753
United Kingdom,2022,11,3312.3750834257708
Spain,2022,11,3100.234927697031
Victoria,2022,11,3005.6290640394304
Peru,2022,11,3000.786699507471
Switzerland,2022,11,2917.8133481645013
Malaysia,2022,11,2904.0589543936294
Singapore,2022,11,2002.980867630655
Finland,2022,11,1592.9134593993097
Ukraine,2022,11,1355.9036707451303
Western Australia,2022,11,1307.7535038931633
Israel,2022,11,1258.3933259175985
South Australia,2022,11,1146.7833147941924
Philippines,2022,11,1110.5508342601993
Queensland,2022,11,1100.4996662958401
Czechia,2022,11,943.7434927696515
Georgia,2022,11,885.1539488319767
Hungary,2022,11,881.5817575082848
Guangdong,2022,11,881.0665183537263
Netherlands,2022,11,847.9308120132969
Portugal,2022,11,820.0042269186187
Belgium,2022,11,792.0211345938944
Slovenia,2022,11,791.6847608453686
Ontario,2022,11,763.2780867630363
Quebec,2022,11,732.5263626250995
India,2022,11,676.9165298315407
Serbia,2022,11,620.891879866463
Denmark,2022,11,589.8024471634501
Brunei Darussalam,2022,11,580.5283648498282
Mexico,2022,11,556.3820470717385
Cyprus,2022,11,551.0925472747365
Sweden,2022,11,541.7252502780291
Thailand,2022,11,526.5406006673476
Guatemala,2022,11,520.1061179087443
Japan,2022,12,147464.69314516126
United States of America,2022,12,65216.432258061
South Korea,2022,12,64983.17177419341
France,2022,12,49178.133467741594
Brazil,2022,12,37573.15403225769
Germany,2022,12,30309.603225805964
Italy,2022,12,24955.32540322527
Taiwan,2022,12,16555.722580645022
Hong Kong,2022,12,16231.106854838676
Russian Federation,2022,12,6825.360080644647
Peru,2022,12,6777.307389162628
Argentina,2022,12,6171.102822580524
Greece,2022,12,5740.470967741809
New South Wales,2022,12,5404.0874999999505
New Zealand,2022,12,5167.564516128993
China,2022,12,4906.085080645139
Austria,2022,12,4775.699888765161
United Kingdom,2022,12,4627.654838709336
Mexico,2022,12,3719.8854838709335
Chile,2022,12,3582.4572580643694
Victoria,2022,12,3294.6935483870916
Spain,2022,12,2595.0048387094685
Switzerland,2022,12,2092.3141129031746
Bolivia,2022,12,1772.6600806451559
Queensland,2022,12,1742.9826473859302
Guatemala,2022,12,1683.7366935483703
Slovenia,2022,12,1657.7616935483582
South Australia,2022,12,1605.3819799777436
Indonesia,2022,12,1564.5129032256818
Sweden,2022,12,1558.6939516128505
Western Australia,2022,12,1433.5391129032039
Israel,2022,12,1372.119354838651
Finland,2022,12,1347.392741935451
Guangdong,2022,12,1300.6620967741933
Belgium,2022,12,1143.5387096773618
Paraguay,2022,12,1132.5072580645078
Singapore,2022,12,1115.2814516128658
Denmark,2022,12,1112.7217741934442
Quebec,2022,12,1048.9197580644989
Malaysia,2022,12,1029.206048387042
Philippines,2022,12,922.6258064516016
Ecuador,2022,12,909.0721774193379
Netherlands,2022,12,874.3955645158975
Panama,2022,12,772.5072580645129
Serbia,2022,12,761.5281423803717
Colombia,2022,12,747.1766129031737
Hungary,2022,12,712.3060483870593
Czechia,2022,12,711.7012096773325
Uruguay,2022,12,655.8487903225747
Beijing,2022,12,640.3016129032255
Japan,2023,1,112257.4814516125
United States of America,2023,1,51884.38427419258
South Korea,2023,1,32829.0689516121
Taiwan,2023,1,21085.554032257973
Brazil,2023,1,16003.020161289496
Germany,2023,1,11653.82217741912
Italy,2023,1,10813.270967741908
Hong Kong,2023,1,6853.783064516074
France,2023,1,5757.509274192635
Russian Federation,2023,1,4850.838709677132
Mexico,2023,1,4415.239516128909
United Kingdom,2023,1,4314.327419354567
Argentina,2023,1,3294.263709677215
Chile,2023,1,2652.183064516017
New Zealand,2023,1,2651.879032258047
Austria,2023,1,2282.2572580644214
Spain,2023,1,1773.6415322579314
New South Wales,2023,1,1703.6810483870113
Queensland,2023,1,1196.566532258049
Western Australia,2023,1,888.7733870967295
Bolivia,2023,1,844.1209677419187
Serbia,2023,1,835.1599555060552
Victoria,2023,1,832.0201970443786
Guatemala,2023,1,815.9173387096652
Peru,2023,1,814.6576354680825
Ontario,2023,1,797.1225806451572
Israel,2023,1,702.9637096773098
Belgium,2023,1,687.0298387095733
Costa Rica,2023,1,667.5572580644834
Finland,2023,1,599.7374999999882
Sweden,2023,1,598.3274193548218
Quebec,2023,1,581.059274193542
Uruguay,2023,1,534.3576612903227
Colombia,2023,1,532.2161290321394
Paraguay,2023,1,511.35483870967084
Ukraine,2023,1,496.18548387095586
Romania,2023,1,488.9891129031429
Ecuador,2023,1,480.6048387096768
Singapore,2023,1,443.48427419352294
Slovenia,2023,1,435.9919354838485
Cyprus,2023,1,421.7177419354787
Netherlands,2023,1,413.0294354836772
South Australia,2023,1,404.02379032256766
Kazakhstan,2023,1,385.5540322580439
Guangdong,2023,1,377.9778225806428
Ireland,2023,1,377.0685483870679
Denmark,2023,1,339.77338709671517
Poland,2023,1,333.822580645053
Indonesia,2023,1,320.8955645160141
Malaysia,2023,1,312.14677419346924
United States of America,2023,2,36506.086754244076
Japan,2023,2,22119.76327312602
Taiwan,2023,2,15670.912698412814
Germany,2023,2,13600.424466338585
Russian Federation,2023,2,12072.168856048384
South Korea,2023,2,11466.834428024364
Brazil,2023,2,8003.203907202707
Austria,2023,2,4937.782051281895
Italy,2023,2,4351.305145046773
United Kingdom,2023,2,3515.573344280331
France,2023,2,3352.223590586412
Mexico,2023,2,2913.335249042323
Chile,2023,2,1634.8691844554457
Poland,2023,2,1456.4745484402024
New Zealand,2023,2,1296.9411603722094
Spain,2023,2,1123.4069512864532
Belgium,2023,2,995.4570333882061
New South Wales,2023,2,886.7082649151675
Serbia,2023,2,765.5897646415567
Czechia,2023,2,755.8653530377898
Ontario,2023,2,602.392720306513
Costa Rica,2023,2,556.1395730706162
Ukraine,2023,2,541.5985221675685
Romania,2023,2,523.4819376027053
Queensland,2023,2,504.7999452654825
Quebec,2023,2,498.3962780514743
Netherlands,2023,2,485.8158182815866
Israel,2023,2,451.4726327313423
Victoria,2023,2,450.3162393162059
Georgia,2023,2,446.5084838533193
Western Australia,2023,2,303.6535303776883
Guatemala,2023,2,301.2569786535512
Lithuania,2023,2,289.3396278051689
Bahrain,2023,2,262.3409961685965
Argentina,2023,2,261.94581280801225
South Africa,2023,2,259.89600437885827
Ecuador,2023,2,254.8661740558408
South Australia,2023,2,232.28762999453048
Slovenia,2023,2,231.79748221127173
Cyprus,2023,2,229.26956759716546
Republic of Moldova,2023,2,228.19102353585518
Malaysia,2023,2,213.6313628900531
Indonesia,2023,2,211.75478927210833
Singapore,2023,2,207.0634920635216
Slovakia,2023,2,166.89545703339834
Bolivia,2023,2,159.81116584565837
Peru,2023,2,152.24358974354683
Switzerland,2023,2,150.36152162019783
Sweden,2023,2,143.44991789822387
Iran,2023,2,138.57909140682517
United States of America,2023,3,33848.11904762142
Russian Federation,2023,3,12584.466666667458
South Korea,2023,3,10270.016666667143
Japan,2023,3,9582.700000001461
Germany,2023,3,6565.4166666678875
Austria,2023,3,4972.283333333389
France,2023,3,4167.616666668152
United Kingdom,2023,3,3677.2666666681685
Italy,2023,3,3110.100000000339
Mexico,2023,3,3081.7333333334414
Chile,2023,3,2755.1666666669726
Poland,2023,3,2608.033333333426
New Zealand,2023,3,1906.499999999983
Brazil,2023,3,1614.285714288827
Belgium,2023,3,1447.3333333335613
Ukraine,2023,3,1256.6333333334833
New South Wales,2023,3,1001.5333333335698
Romania,2023,3,950.6666666667805
Serbia,2023,3,878.0000000000317
Czechia,2023,3,845.8666666668323
Spain,2023,3,827.5166666672134
Costa Rica,2023,3,648.7833333333862
Singapore,2023,3,516.3666666668083
Netherlands,2023,3,510.7333333339587
Ontario,2023,3,506.900000000005
Israel,2023,3,442.950000000273
Iran,2023,3,442.48333333367435
Republic of Moldova,2023,3,430.5000000000514
Quebec,2023,3,424.38333333333077
Victoria,2023,3,419.79999999999666
South Africa,2023,3,377.43333333352723
Bahrain,2023,3,355.1500000000078
Slovenia,2023,3,353.71666666666124
India,2023,3,320.05000000313606
Lithuania,2023,3,286.46666666667835
Portugal,2023,3,278.71666666670615
Slovakia,2023,3,241.51666666675217
Queensland,2023,3,240.20000000007693
Indonesia,2023,3,228.01666666738544
South Australia,2023,3,227.53333333339344
Georgia,2023,3,226.21666666670808
Switzerland,2023,3,220.79999999996545
Malaysia,2023,3,204.1500000003001
Cyprus,2023,3,185.73333333334529
Peru,2023,3,163.63095238100476
Guatemala,2023,3,161.63333333339352
Western Australia,2023,3,158.93333333337193
Argentina,2023,3,138.66666666728332
United Arab Emirates,2023,3,134.33333333337646
Philippines,2023,3,125.55000000016602
